id,Gender,Age,Driving_License,Region_Code,Previously_Insured,Vehicle_Age,Vehicle_Damage,Annual_Premium,Policy_Sales_Channel,Vintage
466567,Male,50,1,22,0,1-2 Year,Yes,28393,154,150
466568,Male,48,1,28,0,1-2 Year,No,28599,124,86
466569,Female,26,1,35,1,< 1 Year,No,25900,152,123
466570,Female,21,1,15,0,< 1 Year,No,37729,152,165
466571,Male,45,1,19,0,1-2 Year,Yes,2630,26,194
466572,Male,22,1,47,0,< 1 Year,Yes,20806,152,270
466573,Male,56,1,39,0,1-2 Year,Yes,29769,26,281
466574,Female,25,1,50,1,< 1 Year,No,24714,152,193
466575,Male,20,1,8,0,< 1 Year,Yes,48597,160,46
466576,Female,24,1,28,1,< 1 Year,No,42229,152,137
466577,Female,39,1,46,0,1-2 Year,Yes,31359,26,99
466578,Female,22,1,8,1,< 1 Year,No,25285,152,216
466579,Male,33,1,32,1,< 1 Year,No,2630,152,128
466580,Male,23,1,15,0,< 1 Year,No,27915,152,247
466581,Male,48,1,28,0,1-2 Year,Yes,35129,124,56
466582,Male,62,1,7,0,> 2 Years,Yes,2630,124,165
466583,Male,28,1,50,1,< 1 Year,No,22541,152,132
466584,Male,32,1,33,0,< 1 Year,No,2630,1,185
466585,Female,73,1,50,0,> 2 Years,Yes,24866,26,164
466586,Male,40,1,20,0,1-2 Year,Yes,2630,124,18
466587,Female,21,1,44,0,< 1 Year,Yes,2630,160,212
466588,Female,55,1,46,0,> 2 Years,Yes,30446,91,289
466589,Male,44,1,28,0,1-2 Year,Yes,37717,26,96
466590,Female,25,1,49,1,< 1 Year,No,43969,152,67
466591,Male,28,1,41,1,< 1 Year,No,27298,152,119
466592,Female,74,1,48,0,1-2 Year,Yes,2630,26,148
466593,Female,41,1,28,1,1-2 Year,No,27412,26,62
466594,Female,27,1,45,1,< 1 Year,No,22810,152,174
466595,Male,57,1,0,0,1-2 Year,No,2630,26,174
466596,Female,37,1,28,1,1-2 Year,No,36060,26,226
466597,Male,49,1,46,0,1-2 Year,Yes,29091,26,97
466598,Female,66,1,8,0,1-2 Year,Yes,2630,156,236
466599,Female,28,1,50,1,< 1 Year,No,33105,152,252
466600,Female,29,1,10,1,< 1 Year,No,25114,152,222
466601,Female,51,1,18,1,1-2 Year,No,42656,26,230
466602,Male,61,1,25,0,1-2 Year,Yes,42521,26,56
466603,Female,38,1,28,1,1-2 Year,No,2630,122,95
466604,Male,68,1,28,0,1-2 Year,Yes,58261,26,13
466605,Female,28,1,46,0,< 1 Year,No,21463,160,272
466606,Male,43,1,8,1,1-2 Year,No,36792,124,70
466607,Female,21,1,30,1,< 1 Year,No,31141,160,242
466608,Female,20,1,46,1,< 1 Year,No,41242,160,39
466609,Female,66,1,15,0,1-2 Year,Yes,23970,124,46
466610,Male,70,1,19,1,1-2 Year,No,2630,124,54
466611,Male,23,1,21,1,< 1 Year,No,28869,151,296
466612,Female,20,1,35,1,< 1 Year,No,27126,160,237
466613,Female,52,1,28,0,1-2 Year,Yes,43320,26,80
466614,Female,31,1,30,0,< 1 Year,Yes,23713,26,194
466615,Female,71,1,28,1,1-2 Year,No,53630,124,278
466616,Female,60,1,39,0,> 2 Years,Yes,39899,155,287
466617,Female,65,1,28,0,1-2 Year,No,59013,124,66
466618,Male,31,1,10,0,< 1 Year,Yes,2630,156,174
466619,Female,21,1,39,0,< 1 Year,Yes,46127,160,53
466620,Male,21,1,31,1,< 1 Year,No,2630,152,28
466621,Female,60,1,28,1,1-2 Year,No,67510,155,158
466622,Female,33,1,8,1,< 1 Year,No,46374,152,109
466623,Female,26,1,8,1,< 1 Year,No,27621,152,90
466624,Male,40,1,28,0,1-2 Year,Yes,52437,7,178
466625,Male,44,1,8,0,1-2 Year,Yes,42372,7,64
466626,Female,31,1,33,1,1-2 Year,No,20276,26,74
466627,Male,27,1,46,1,< 1 Year,No,23461,160,287
466628,Female,63,1,28,0,1-2 Year,Yes,61084,26,32
466629,Male,40,1,28,0,1-2 Year,Yes,57850,124,149
466630,Female,30,1,8,1,< 1 Year,No,38019,152,272
466631,Male,22,1,8,1,< 1 Year,No,27616,26,149
466632,Female,71,1,28,0,1-2 Year,Yes,22656,26,18
466633,Female,24,1,22,1,< 1 Year,No,26758,152,256
466634,Male,51,1,38,1,1-2 Year,No,32621,124,52
466635,Female,27,1,3,0,< 1 Year,Yes,2630,160,181
466636,Female,66,1,28,0,1-2 Year,Yes,49820,124,39
466637,Female,74,1,28,1,1-2 Year,No,43977,26,269
466638,Female,23,1,2,0,< 1 Year,Yes,27404,152,104
466639,Male,44,1,28,0,> 2 Years,Yes,41791,26,265
466640,Female,60,1,28,0,1-2 Year,Yes,48342,25,72
466641,Male,42,1,28,0,1-2 Year,Yes,30934,13,246
466642,Male,75,1,50,1,1-2 Year,No,34668,26,230
466643,Female,44,1,28,0,1-2 Year,Yes,2630,26,282
466644,Male,45,1,30,0,1-2 Year,Yes,29607,26,199
466645,Female,26,1,3,1,< 1 Year,No,2630,26,38
466646,Female,23,1,2,0,< 1 Year,Yes,28769,26,137
466647,Male,39,1,11,0,1-2 Year,Yes,107412,26,171
466648,Female,25,1,15,0,< 1 Year,Yes,36943,152,12
466649,Female,29,1,28,0,< 1 Year,Yes,2630,121,59
466650,Male,56,1,28,0,1-2 Year,Yes,45849,26,118
466651,Female,26,1,26,1,< 1 Year,No,2630,152,165
466652,Male,37,1,28,0,> 2 Years,Yes,40722,124,16
466653,Male,55,1,28,1,1-2 Year,No,31281,26,16
466654,Female,66,1,50,0,1-2 Year,Yes,35289,8,45
466655,Male,67,1,26,0,1-2 Year,Yes,46285,120,263
466656,Female,25,1,21,1,< 1 Year,No,26634,26,248
466657,Male,38,1,8,0,1-2 Year,Yes,36395,124,290
466658,Female,27,1,15,0,< 1 Year,Yes,2630,152,193
466659,Male,36,1,4,0,1-2 Year,Yes,2630,156,251
466660,Male,23,1,29,1,< 1 Year,No,46055,152,51
466661,Female,21,1,33,0,< 1 Year,Yes,36170,163,104
466662,Female,22,1,46,1,< 1 Year,No,27324,152,282
466663,Male,36,1,28,0,1-2 Year,Yes,32200,156,198
466664,Female,25,1,2,1,< 1 Year,No,31325,152,201
466665,Female,24,1,28,1,< 1 Year,No,62176,152,120
466666,Male,24,1,41,1,< 1 Year,No,36436,152,297
466667,Female,24,1,8,1,< 1 Year,No,33303,152,21
466668,Female,73,1,28,0,1-2 Year,Yes,63570,26,89
466669,Male,31,1,11,0,1-2 Year,Yes,30928,124,286
466670,Male,23,1,28,0,< 1 Year,Yes,26995,26,145
466671,Female,40,1,48,0,1-2 Year,Yes,2630,15,131
466672,Male,45,1,28,0,> 2 Years,Yes,51693,124,240
466673,Male,24,1,28,1,< 1 Year,No,56822,152,182
466674,Male,24,1,47,0,< 1 Year,Yes,36564,152,121
466675,Male,45,1,4,1,1-2 Year,No,27159,124,153
466676,Male,34,1,7,1,1-2 Year,No,32711,163,114
466677,Male,21,1,36,0,< 1 Year,Yes,36256,160,267
466678,Female,20,1,46,0,< 1 Year,Yes,44346,160,279
466679,Female,43,1,35,0,1-2 Year,Yes,36727,124,13
466680,Female,28,1,28,0,1-2 Year,Yes,62338,122,210
466681,Male,27,1,8,1,< 1 Year,No,50903,152,154
466682,Female,46,1,28,0,1-2 Year,Yes,38646,26,25
466683,Female,29,1,37,0,< 1 Year,Yes,39986,26,88
466684,Female,24,1,26,1,< 1 Year,No,15755,152,126
466685,Male,24,1,13,1,< 1 Year,No,28181,151,131
466686,Female,34,1,28,0,1-2 Year,Yes,2630,154,82
466687,Female,24,1,28,1,< 1 Year,No,33376,152,110
466688,Female,20,1,24,0,< 1 Year,Yes,31939,160,118
466689,Female,35,1,28,0,1-2 Year,Yes,37636,124,99
466690,Female,21,1,8,0,< 1 Year,Yes,117794,160,227
466691,Male,51,1,28,1,1-2 Year,No,31933,26,289
466692,Female,21,1,46,0,< 1 Year,Yes,23619,160,159
466693,Male,57,1,33,0,1-2 Year,No,2630,157,63
466694,Female,25,1,15,0,< 1 Year,Yes,26157,152,242
466695,Male,32,1,28,0,< 1 Year,Yes,46297,152,122
466696,Male,46,1,28,0,1-2 Year,Yes,2630,139,238
466697,Male,50,1,28,0,< 1 Year,Yes,38947,26,292
466698,Male,43,1,28,0,1-2 Year,Yes,53691,24,150
466699,Female,26,1,50,1,< 1 Year,No,22940,152,189
466700,Male,32,1,11,1,< 1 Year,No,25835,152,155
466701,Male,29,1,29,0,1-2 Year,No,37190,124,228
466702,Female,44,1,28,0,1-2 Year,Yes,2630,156,70
466703,Female,70,1,28,0,1-2 Year,Yes,33485,26,22
466704,Female,26,1,46,1,< 1 Year,No,27508,152,284
466705,Male,49,1,28,0,1-2 Year,Yes,51372,124,27
466706,Female,22,1,36,0,< 1 Year,No,26429,152,105
466707,Female,41,1,28,1,1-2 Year,No,41617,124,13
466708,Female,31,1,2,0,1-2 Year,Yes,2630,156,12
466709,Female,23,1,10,0,< 1 Year,Yes,27867,26,114
466710,Male,40,1,8,0,1-2 Year,Yes,40560,26,172
466711,Female,56,1,28,0,1-2 Year,Yes,47554,26,148
466712,Female,25,1,8,0,< 1 Year,Yes,29887,152,121
466713,Female,28,1,29,1,< 1 Year,No,24337,152,265
466714,Female,39,1,3,0,1-2 Year,Yes,40540,26,135
466715,Female,36,1,41,0,1-2 Year,Yes,38718,124,189
466716,Male,28,1,43,0,< 1 Year,Yes,2630,160,283
466717,Male,22,1,50,0,< 1 Year,Yes,38808,152,157
466718,Male,49,1,2,0,1-2 Year,Yes,24211,124,232
466719,Male,46,1,28,0,1-2 Year,No,31292,124,263
466720,Male,32,1,50,1,< 1 Year,No,33098,152,93
466721,Male,60,1,28,1,1-2 Year,No,2630,124,119
466722,Male,35,1,21,0,1-2 Year,Yes,31680,124,291
466723,Male,51,1,9,1,1-2 Year,No,38050,152,176
466724,Female,24,1,15,0,< 1 Year,Yes,43501,152,265
466725,Female,21,1,28,0,< 1 Year,Yes,35500,152,15
466726,Female,40,1,24,0,1-2 Year,Yes,25831,155,265
466727,Male,21,1,11,1,< 1 Year,No,22812,152,163
466728,Female,27,1,31,0,< 1 Year,Yes,2630,152,48
466729,Male,59,1,28,1,1-2 Year,No,38870,124,279
466730,Male,56,1,46,0,1-2 Year,Yes,30913,124,252
466731,Female,50,1,48,1,1-2 Year,No,2630,124,91
466732,Female,22,1,50,1,< 1 Year,No,49919,152,132
466733,Female,44,1,8,1,1-2 Year,No,42561,124,148
466734,Male,24,1,30,1,< 1 Year,No,25942,152,52
466735,Male,70,1,8,1,1-2 Year,No,2630,26,291
466736,Male,43,1,28,0,1-2 Year,Yes,48165,26,146
466737,Female,28,1,29,0,1-2 Year,Yes,32491,163,74
466738,Female,38,1,18,1,1-2 Year,No,2630,152,282
466739,Male,50,1,28,1,1-2 Year,No,2630,26,95
466740,Female,49,1,28,0,1-2 Year,Yes,32154,139,251
466741,Female,23,1,10,1,< 1 Year,No,20853,152,13
466742,Female,33,1,12,1,< 1 Year,No,32116,152,266
466743,Female,36,1,38,0,> 2 Years,Yes,20003,124,220
466744,Male,31,1,28,0,1-2 Year,Yes,25790,124,50
466745,Male,31,1,28,1,< 1 Year,No,29828,152,51
466746,Male,47,1,47,0,1-2 Year,Yes,31154,124,284
466747,Female,27,1,28,0,1-2 Year,Yes,2630,26,24
466748,Male,54,1,28,0,1-2 Year,No,30628,26,244
466749,Male,24,1,14,0,< 1 Year,Yes,23158,152,10
466750,Male,22,1,8,0,< 1 Year,Yes,25171,152,31
466751,Female,50,1,45,1,1-2 Year,No,27975,152,214
466752,Male,38,1,41,0,1-2 Year,Yes,21216,124,222
466753,Male,47,1,30,1,1-2 Year,No,28395,125,87
466754,Female,31,1,28,0,1-2 Year,Yes,54808,26,85
466755,Male,20,1,42,0,< 1 Year,Yes,2630,160,77
466756,Female,44,1,39,0,1-2 Year,Yes,28319,26,225
466757,Female,62,1,29,0,1-2 Year,Yes,28199,124,139
466758,Female,36,1,41,0,1-2 Year,Yes,26278,12,248
466759,Male,37,1,41,0,1-2 Year,Yes,51293,155,125
466760,Female,46,1,28,1,1-2 Year,No,49126,26,251
466761,Female,22,1,25,0,< 1 Year,Yes,24754,152,123
466762,Female,23,1,27,0,< 1 Year,Yes,2630,152,187
466763,Female,27,1,21,1,< 1 Year,No,28379,152,271
466764,Male,37,1,36,0,1-2 Year,No,28866,152,208
466765,Male,46,1,28,0,1-2 Year,Yes,2630,26,189
466766,Male,32,1,15,0,< 1 Year,Yes,34185,152,109
466767,Female,35,1,18,1,1-2 Year,No,2630,26,74
466768,Male,76,0,3,0,1-2 Year,Yes,32317,124,275
466769,Male,31,1,35,0,< 1 Year,Yes,27152,124,254
466770,Male,40,1,13,0,1-2 Year,No,29497,122,274
466771,Male,40,1,24,0,1-2 Year,Yes,33107,156,163
466772,Female,26,1,2,1,< 1 Year,No,2630,152,232
466773,Male,32,1,7,0,1-2 Year,Yes,31721,157,288
466774,Male,36,1,28,1,1-2 Year,No,40881,124,186
466775,Male,29,1,36,1,< 1 Year,No,33720,152,62
466776,Female,23,1,21,1,< 1 Year,No,36766,152,227
466777,Female,35,1,3,0,> 2 Years,Yes,2630,26,183
466778,Female,43,1,21,0,1-2 Year,Yes,2630,157,182
466779,Male,29,1,30,1,< 1 Year,No,2630,152,54
466780,Female,39,1,28,0,1-2 Year,Yes,32745,124,32
466781,Male,32,1,50,1,< 1 Year,No,2630,152,212
466782,Female,64,1,8,0,1-2 Year,Yes,22893,124,105
466783,Male,23,1,8,1,< 1 Year,No,45552,152,44
466784,Female,22,1,8,1,< 1 Year,No,26340,152,295
466785,Male,63,1,46,0,> 2 Years,Yes,32927,124,131
466786,Female,24,1,45,0,< 1 Year,Yes,45586,151,98
466787,Male,39,1,41,1,1-2 Year,No,81930,26,27
466788,Male,28,1,28,1,< 1 Year,No,48454,152,56
466789,Female,65,1,28,0,1-2 Year,Yes,27727,26,30
466790,Female,68,1,28,0,1-2 Year,Yes,43494,26,225
466791,Male,25,1,8,1,< 1 Year,No,2630,152,46
466792,Male,24,1,6,1,< 1 Year,No,19287,152,183
466793,Female,48,1,28,0,1-2 Year,Yes,35647,26,266
466794,Male,21,1,28,1,1-2 Year,No,40789,124,214
466795,Female,30,1,30,1,< 1 Year,No,27983,152,181
466796,Male,21,1,33,1,< 1 Year,No,28084,152,32
466797,Male,40,1,37,0,1-2 Year,Yes,2630,26,180
466798,Male,43,1,28,1,1-2 Year,No,76304,55,67
466799,Male,33,1,3,0,1-2 Year,No,32994,154,216
466800,Female,50,1,8,0,1-2 Year,Yes,40585,26,281
466801,Male,25,1,8,0,< 1 Year,Yes,41341,26,193
466802,Male,68,1,28,0,> 2 Years,Yes,44172,26,207
466803,Male,43,1,17,0,1-2 Year,Yes,38125,26,202
466804,Female,39,1,11,0,1-2 Year,Yes,2630,124,251
466805,Female,35,1,18,0,1-2 Year,Yes,2630,154,238
466806,Male,24,1,14,1,< 1 Year,No,29868,152,126
466807,Male,30,1,36,0,< 1 Year,No,27598,152,45
466808,Female,62,1,28,0,> 2 Years,Yes,68241,26,107
466809,Male,80,1,15,1,1-2 Year,No,51748,14,281
466810,Female,23,1,28,0,< 1 Year,Yes,34747,152,210
466811,Female,43,1,8,1,1-2 Year,No,31387,124,189
466812,Female,48,1,28,1,1-2 Year,No,43875,124,151
466813,Male,36,1,28,0,1-2 Year,No,56875,26,225
466814,Female,73,1,15,0,1-2 Year,Yes,49510,3,293
466815,Male,22,1,28,0,< 1 Year,Yes,42385,124,109
466816,Female,37,1,6,0,1-2 Year,Yes,28141,157,74
466817,Male,67,1,11,0,1-2 Year,Yes,33771,124,234
466818,Male,28,1,6,1,< 1 Year,No,23845,152,255
466819,Male,49,1,28,0,1-2 Year,Yes,2630,25,90
466820,Male,22,1,26,1,< 1 Year,No,27505,152,174
466821,Male,55,1,8,0,1-2 Year,Yes,25701,124,187
466822,Male,68,1,28,0,> 2 Years,Yes,49811,25,36
466823,Male,45,1,41,0,1-2 Year,Yes,30174,124,112
466824,Female,45,1,28,0,1-2 Year,No,38748,124,170
466825,Male,66,1,28,0,1-2 Year,Yes,25376,124,275
466826,Male,23,1,8,1,< 1 Year,No,36566,152,172
466827,Male,56,1,28,1,1-2 Year,No,40004,26,53
466828,Male,26,1,41,0,< 1 Year,No,27581,26,287
466829,Male,33,1,46,1,1-2 Year,Yes,32857,156,119
466830,Male,55,1,8,0,1-2 Year,Yes,2630,157,66
466831,Female,26,1,30,1,< 1 Year,No,26079,152,123
466832,Male,49,1,8,1,1-2 Year,No,51627,26,144
466833,Male,70,1,28,0,1-2 Year,Yes,115252,26,254
466834,Male,28,1,46,1,< 1 Year,No,39951,152,28
466835,Female,59,1,28,0,1-2 Year,Yes,28168,124,161
466836,Female,24,1,28,1,< 1 Year,No,54787,152,12
466837,Male,38,1,28,0,1-2 Year,No,29534,156,270
466838,Male,33,1,28,0,< 1 Year,Yes,51631,26,227
466839,Male,22,1,33,1,< 1 Year,No,43054,152,246
466840,Female,56,1,8,1,1-2 Year,No,56338,152,24
466841,Female,53,1,8,0,1-2 Year,Yes,2630,160,293
466842,Female,28,1,10,1,< 1 Year,No,24687,152,260
466843,Male,21,1,11,1,< 1 Year,No,28099,152,63
466844,Male,49,1,28,0,1-2 Year,Yes,46097,124,281
466845,Male,50,1,41,1,1-2 Year,No,45950,26,26
466846,Male,48,1,28,1,1-2 Year,No,48696,26,36
466847,Female,45,1,28,0,1-2 Year,Yes,88985,26,123
466848,Male,34,1,50,0,1-2 Year,Yes,21588,18,19
466849,Female,29,1,28,1,< 1 Year,No,39353,152,154
466850,Female,26,1,35,1,< 1 Year,No,30641,152,176
466851,Male,31,1,6,0,< 1 Year,Yes,34749,152,22
466852,Male,22,1,37,0,< 1 Year,Yes,40245,152,234
466853,Male,51,1,6,1,1-2 Year,No,30498,124,202
466854,Male,55,1,18,0,1-2 Year,Yes,42049,26,274
466855,Male,45,1,23,0,1-2 Year,Yes,33602,163,160
466856,Male,23,1,8,1,< 1 Year,No,25857,152,104
466857,Female,47,1,46,1,1-2 Year,No,2630,26,102
466858,Female,22,1,15,0,< 1 Year,Yes,23316,152,236
466859,Female,33,1,15,1,1-2 Year,No,41967,26,204
466860,Female,52,1,18,1,1-2 Year,No,2630,30,32
466861,Female,44,1,28,0,1-2 Year,Yes,47658,26,70
466862,Female,79,1,40,0,1-2 Year,Yes,32395,26,37
466863,Female,65,1,28,1,1-2 Year,Yes,48083,26,196
466864,Male,39,1,28,0,1-2 Year,No,47558,124,281
466865,Female,52,1,28,0,1-2 Year,Yes,39107,156,145
466866,Female,32,1,46,1,1-2 Year,No,2630,124,34
466867,Female,51,1,28,0,1-2 Year,Yes,24194,26,118
466868,Male,36,1,7,0,1-2 Year,No,2630,124,121
466869,Male,25,1,36,1,< 1 Year,No,2630,152,176
466870,Male,50,1,13,0,1-2 Year,Yes,26493,163,42
466871,Male,41,1,28,0,1-2 Year,Yes,39369,155,110
466872,Male,46,1,28,0,1-2 Year,Yes,40766,26,164
466873,Male,28,1,18,1,< 1 Year,No,29943,152,103
466874,Female,23,1,47,0,< 1 Year,Yes,36148,26,84
466875,Female,42,1,28,0,1-2 Year,Yes,33600,124,162
466876,Female,62,1,46,1,1-2 Year,No,32319,124,222
466877,Male,40,1,36,1,1-2 Year,No,59035,26,57
466878,Female,22,1,28,1,1-2 Year,Yes,34999,26,92
466879,Male,45,1,30,0,1-2 Year,Yes,31577,157,148
466880,Female,47,1,30,1,1-2 Year,No,30974,152,25
466881,Female,46,1,28,0,> 2 Years,Yes,37447,26,116
466882,Female,23,1,6,1,< 1 Year,No,26592,152,295
466883,Male,79,1,46,0,1-2 Year,Yes,30939,26,207
466884,Male,22,1,37,0,< 1 Year,Yes,33635,152,55
466885,Female,21,1,35,0,< 1 Year,Yes,28058,163,83
466886,Female,31,1,28,0,< 1 Year,Yes,35610,124,111
466887,Female,41,1,30,1,1-2 Year,No,24828,152,30
466888,Female,21,1,11,0,1-2 Year,Yes,32931,163,35
466889,Male,56,1,28,0,1-2 Year,Yes,30942,122,54
466890,Female,61,1,28,0,> 2 Years,Yes,46907,124,155
466891,Male,23,1,28,1,< 1 Year,No,30116,152,120
466892,Female,24,1,8,1,< 1 Year,No,40487,152,237
466893,Female,57,1,28,0,1-2 Year,Yes,33668,124,180
466894,Male,31,1,33,1,< 1 Year,No,35494,152,22
466895,Male,21,1,50,0,< 1 Year,Yes,45966,152,114
466896,Male,40,1,35,0,1-2 Year,Yes,36304,124,91
466897,Male,21,1,28,0,< 1 Year,Yes,51285,153,94
466898,Female,26,1,33,0,< 1 Year,Yes,32095,31,109
466899,Male,28,1,11,1,< 1 Year,No,17000,152,217
466900,Male,68,1,46,0,1-2 Year,Yes,40376,26,223
466901,Female,69,1,28,1,1-2 Year,No,51820,60,162
466902,Female,24,1,47,0,< 1 Year,Yes,38438,152,233
466903,Female,47,1,28,0,> 2 Years,Yes,45051,26,50
466904,Male,25,1,45,1,< 1 Year,No,15397,152,273
466905,Female,52,1,28,0,1-2 Year,Yes,36290,26,237
466906,Female,47,1,37,1,1-2 Year,No,30474,128,82
466907,Male,71,1,11,1,1-2 Year,No,37400,124,133
466908,Female,24,1,12,1,< 1 Year,No,25698,152,281
466909,Male,38,1,35,0,1-2 Year,Yes,28625,156,135
466910,Male,25,1,9,0,< 1 Year,No,2630,152,228
466911,Female,24,1,28,1,< 1 Year,No,34989,152,15
466912,Female,22,1,15,0,< 1 Year,No,24403,152,250
466913,Male,58,1,12,0,1-2 Year,Yes,2630,124,203
466914,Female,23,1,28,1,< 1 Year,No,65734,152,18
466915,Male,23,1,28,0,1-2 Year,Yes,31512,122,229
466916,Male,43,1,9,0,1-2 Year,Yes,39162,124,207
466917,Female,32,1,11,0,< 1 Year,Yes,35872,152,157
466918,Male,52,1,30,1,1-2 Year,No,30904,26,14
466919,Female,52,1,28,1,1-2 Year,No,67978,26,193
466920,Male,24,1,8,1,< 1 Year,No,37565,152,234
466921,Male,63,1,30,1,1-2 Year,Yes,2630,124,71
466922,Female,28,1,28,1,< 1 Year,No,47932,152,228
466923,Male,43,1,28,1,1-2 Year,No,28757,37,47
466924,Female,43,1,41,0,1-2 Year,Yes,31467,26,105
466925,Female,47,1,28,1,1-2 Year,No,32468,4,53
466926,Male,50,1,28,0,1-2 Year,Yes,48302,124,90
466927,Female,39,1,21,0,1-2 Year,Yes,27741,124,295
466928,Female,25,1,28,0,< 1 Year,No,2630,1,242
466929,Female,24,1,11,1,< 1 Year,No,29766,152,192
466930,Female,25,1,37,1,< 1 Year,No,35500,160,224
466931,Female,44,1,8,1,1-2 Year,No,41820,26,285
466932,Male,63,1,18,0,1-2 Year,Yes,24137,26,176
466933,Male,31,1,29,0,1-2 Year,Yes,2630,157,69
466934,Male,43,1,8,0,1-2 Year,Yes,29225,26,54
466935,Female,24,1,29,1,< 1 Year,No,36429,152,60
466936,Male,26,1,30,1,< 1 Year,No,44547,152,284
466937,Male,28,1,46,1,< 1 Year,No,26237,152,145
466938,Male,25,1,28,1,< 1 Year,No,31052,152,59
466939,Male,30,1,28,0,< 1 Year,Yes,54020,152,258
466940,Male,24,1,3,1,< 1 Year,No,27188,152,128
466941,Female,29,1,41,1,< 1 Year,No,27345,153,256
466942,Female,25,1,15,1,< 1 Year,No,42197,152,63
466943,Male,39,1,5,0,1-2 Year,Yes,31265,163,229
466944,Male,21,1,29,1,< 1 Year,No,39575,152,180
466945,Male,58,1,28,1,1-2 Year,No,43431,124,108
466946,Female,55,1,28,0,1-2 Year,Yes,46160,26,104
466947,Male,20,1,8,1,< 1 Year,No,26048,160,254
466948,Male,25,1,25,1,< 1 Year,No,27762,152,38
466949,Male,24,1,29,1,< 1 Year,No,33397,152,103
466950,Female,27,1,47,1,< 1 Year,No,25803,152,138
466951,Male,38,1,28,0,1-2 Year,Yes,46235,26,227
466952,Male,58,1,52,1,1-2 Year,No,2630,124,257
466953,Male,28,1,41,1,< 1 Year,No,37714,152,32
466954,Male,23,1,37,1,< 1 Year,No,39028,152,31
466955,Female,69,1,28,0,> 2 Years,Yes,23420,26,268
466956,Male,40,1,29,0,1-2 Year,Yes,27785,124,45
466957,Male,61,1,40,0,1-2 Year,Yes,46621,124,30
466958,Male,33,1,13,0,1-2 Year,Yes,28682,124,59
466959,Male,56,1,28,1,1-2 Year,Yes,58015,124,238
466960,Male,22,1,35,1,< 1 Year,No,27183,152,32
466961,Female,32,1,28,1,1-2 Year,No,63135,26,276
466962,Female,50,1,7,1,1-2 Year,No,24254,124,165
466963,Male,30,1,28,1,1-2 Year,No,2630,157,269
466964,Male,25,1,46,0,1-2 Year,Yes,2630,156,185
466965,Female,66,1,28,0,> 2 Years,Yes,37473,26,297
466966,Female,22,1,41,1,< 1 Year,No,31198,152,159
466967,Male,56,1,41,0,1-2 Year,Yes,2630,156,27
466968,Male,70,1,41,1,1-2 Year,No,34217,124,177
466969,Male,34,1,28,0,1-2 Year,Yes,46411,124,126
466970,Male,22,1,32,1,< 1 Year,No,24955,152,279
466971,Female,49,1,39,0,1-2 Year,Yes,30136,124,243
466972,Female,25,1,3,1,< 1 Year,No,34955,152,170
466973,Male,50,1,45,0,1-2 Year,Yes,29028,157,123
466974,Male,22,1,47,1,< 1 Year,No,44879,152,105
466975,Female,22,1,28,1,< 1 Year,No,29383,152,54
466976,Female,27,1,50,1,< 1 Year,No,33625,107,109
466977,Female,26,1,16,0,< 1 Year,Yes,32252,152,95
466978,Male,20,1,33,0,< 1 Year,Yes,2630,163,42
466979,Female,47,1,28,0,1-2 Year,Yes,36249,26,27
466980,Male,50,1,28,0,> 2 Years,Yes,65213,26,264
466981,Male,35,1,8,0,1-2 Year,No,22411,124,207
466982,Female,56,1,8,0,1-2 Year,Yes,59822,26,173
466983,Male,40,1,10,1,1-2 Year,No,2630,152,125
466984,Female,53,1,28,0,> 2 Years,Yes,45088,26,253
466985,Male,41,1,28,0,1-2 Year,Yes,48735,124,66
466986,Female,38,1,7,1,1-2 Year,No,36695,122,31
466987,Female,29,1,11,1,< 1 Year,No,31690,152,199
466988,Male,69,1,28,0,1-2 Year,Yes,46649,42,175
466989,Male,45,1,28,0,1-2 Year,Yes,33866,124,237
466990,Male,60,1,43,0,1-2 Year,Yes,51672,26,71
466991,Male,43,1,46,1,1-2 Year,No,2630,124,133
466992,Female,39,1,26,0,1-2 Year,Yes,27230,22,11
466993,Male,26,1,8,1,< 1 Year,No,41625,152,205
466994,Male,57,1,8,0,1-2 Year,Yes,40665,26,233
466995,Female,49,1,28,0,1-2 Year,Yes,37015,26,253
466996,Female,22,1,2,0,< 1 Year,Yes,35343,152,57
466997,Male,23,1,8,1,< 1 Year,No,27074,152,210
466998,Male,25,1,44,1,< 1 Year,No,28881,152,277
466999,Male,56,1,28,0,1-2 Year,Yes,44884,26,148
467000,Female,22,1,24,1,< 1 Year,No,28652,160,21
467001,Male,63,1,46,1,1-2 Year,No,32093,124,194
467002,Male,58,1,41,0,1-2 Year,Yes,45193,124,44
467003,Male,59,1,28,0,1-2 Year,Yes,41663,124,57
467004,Male,46,1,29,1,1-2 Year,No,24730,124,141
467005,Female,26,1,39,0,< 1 Year,Yes,37376,26,294
467006,Female,78,1,28,1,1-2 Year,No,26040,26,250
467007,Female,23,1,8,0,< 1 Year,Yes,66301,152,17
467008,Male,68,1,48,1,1-2 Year,No,2630,15,238
467009,Male,44,1,28,1,1-2 Year,No,37369,122,269
467010,Male,27,1,27,1,< 1 Year,No,28448,152,109
467011,Male,60,1,28,0,> 2 Years,Yes,50167,122,255
467012,Female,28,1,33,0,< 1 Year,Yes,2630,160,223
467013,Female,28,1,28,1,< 1 Year,No,39502,152,283
467014,Male,76,1,2,1,1-2 Year,No,18559,124,244
467015,Male,75,1,28,0,1-2 Year,Yes,40792,26,215
467016,Male,58,1,42,0,> 2 Years,Yes,43098,26,150
467017,Male,23,1,41,1,< 1 Year,No,33308,152,60
467018,Female,24,1,11,0,< 1 Year,Yes,59587,152,101
467019,Female,21,1,35,0,< 1 Year,Yes,28635,160,199
467020,Male,24,1,49,0,< 1 Year,Yes,27774,152,252
467021,Male,36,1,8,1,1-2 Year,No,43346,124,292
467022,Male,55,1,28,0,1-2 Year,Yes,39280,122,188
467023,Male,77,1,48,0,1-2 Year,Yes,2630,31,202
467024,Male,44,1,28,0,> 2 Years,Yes,49712,124,262
467025,Female,46,1,28,0,1-2 Year,Yes,72739,26,272
467026,Female,27,1,8,0,< 1 Year,Yes,53870,152,265
467027,Female,27,1,11,1,< 1 Year,No,47120,152,88
467028,Male,25,1,30,1,< 1 Year,No,28698,151,295
467029,Male,64,1,28,0,> 2 Years,Yes,30752,26,207
467030,Female,56,1,29,0,1-2 Year,Yes,37886,152,101
467031,Female,52,1,28,1,1-2 Year,No,34894,124,249
467032,Male,24,1,3,0,< 1 Year,No,71768,151,230
467033,Male,56,1,28,0,> 2 Years,Yes,45073,25,288
467034,Female,53,1,46,1,1-2 Year,No,43024,26,53
467035,Female,62,1,28,1,1-2 Year,No,29230,122,48
467036,Female,24,1,43,1,< 1 Year,No,43632,26,102
467037,Male,40,1,45,0,1-2 Year,No,36411,4,126
467038,Male,22,1,46,1,< 1 Year,No,33251,152,209
467039,Male,22,1,8,0,< 1 Year,No,43844,160,290
467040,Male,47,1,28,1,1-2 Year,No,99506,61,31
467041,Male,27,1,21,1,< 1 Year,No,32569,152,10
467042,Male,24,1,41,1,< 1 Year,No,23258,152,232
467043,Male,49,1,29,0,1-2 Year,Yes,49717,26,241
467044,Male,20,1,50,1,< 1 Year,No,31926,160,271
467045,Female,30,1,28,1,< 1 Year,No,34723,152,39
467046,Female,29,1,28,1,< 1 Year,No,43001,152,166
467047,Male,33,1,29,1,< 1 Year,No,2630,152,54
467048,Male,40,1,33,0,1-2 Year,Yes,35033,124,169
467049,Female,37,1,28,0,1-2 Year,Yes,48069,124,173
467050,Male,32,1,15,0,< 1 Year,Yes,32556,152,34
467051,Female,27,1,16,0,< 1 Year,No,31277,152,18
467052,Male,46,1,41,0,1-2 Year,Yes,43691,26,66
467053,Male,24,1,28,1,< 1 Year,Yes,53302,152,200
467054,Male,24,1,47,1,< 1 Year,No,33408,152,22
467055,Male,51,1,3,1,1-2 Year,No,33601,26,204
467056,Female,29,1,41,1,< 1 Year,No,32680,152,247
467057,Female,25,1,40,1,< 1 Year,No,16394,152,37
467058,Male,44,1,28,1,1-2 Year,No,37684,26,201
467059,Female,28,1,18,1,< 1 Year,No,29283,152,220
467060,Male,38,1,28,0,1-2 Year,Yes,32949,26,165
467061,Female,32,1,37,0,< 1 Year,Yes,2630,152,117
467062,Female,26,1,6,1,< 1 Year,No,26016,152,228
467063,Male,47,1,45,0,1-2 Year,Yes,37815,124,129
467064,Male,26,1,31,0,< 1 Year,Yes,2630,157,288
467065,Male,26,1,15,1,< 1 Year,No,45569,152,179
467066,Male,51,1,28,0,1-2 Year,Yes,52695,26,137
467067,Female,49,1,28,1,1-2 Year,No,35803,26,22
467068,Female,21,1,46,1,< 1 Year,No,37831,160,148
467069,Male,34,1,2,0,1-2 Year,Yes,24378,152,211
467070,Male,21,1,29,0,< 1 Year,Yes,43553,152,145
467071,Female,50,1,28,0,1-2 Year,Yes,33869,26,188
467072,Male,23,1,15,0,< 1 Year,Yes,2630,152,272
467073,Female,23,1,32,1,< 1 Year,No,28125,152,177
467074,Female,32,1,46,1,< 1 Year,No,45393,152,196
467075,Male,37,1,41,1,1-2 Year,No,39780,124,157
467076,Male,53,1,50,0,1-2 Year,Yes,36399,124,60
467077,Female,21,1,37,0,< 1 Year,Yes,31550,152,202
467078,Male,48,1,28,1,1-2 Year,No,36752,124,94
467079,Female,22,1,50,0,< 1 Year,Yes,2630,157,243
467080,Male,24,1,11,1,< 1 Year,No,43748,152,198
467081,Female,39,1,15,0,1-2 Year,Yes,39445,124,17
467082,Female,21,1,37,0,< 1 Year,Yes,32654,152,194
467083,Male,24,1,8,0,< 1 Year,No,49810,152,290
467084,Female,24,1,11,1,< 1 Year,No,27685,152,69
467085,Female,23,1,21,0,< 1 Year,Yes,28127,151,39
467086,Male,61,1,8,0,1-2 Year,Yes,48323,160,62
467087,Female,34,1,33,1,< 1 Year,No,32874,152,298
467088,Male,46,1,28,1,1-2 Year,No,24858,29,131
467089,Female,27,1,33,1,< 1 Year,No,40367,152,95
467090,Female,22,1,30,1,< 1 Year,No,23443,152,176
467091,Female,29,1,36,0,< 1 Year,Yes,31985,152,204
467092,Male,44,1,28,0,1-2 Year,Yes,36327,26,30
467093,Female,53,1,7,1,1-2 Year,No,73603,26,173
467094,Female,27,1,46,0,< 1 Year,Yes,27585,152,85
467095,Female,27,1,2,1,< 1 Year,No,29494,152,158
467096,Female,22,1,46,1,< 1 Year,No,36396,152,180
467097,Female,24,1,8,0,< 1 Year,Yes,66289,152,215
467098,Female,65,1,2,1,1-2 Year,No,32519,26,229
467099,Male,53,1,28,1,1-2 Year,No,34532,111,247
467100,Male,23,1,13,0,1-2 Year,Yes,20865,124,152
467101,Female,30,1,2,0,< 1 Year,Yes,35088,31,258
467102,Male,41,1,28,0,1-2 Year,No,39008,124,138
467103,Male,32,1,30,1,1-2 Year,Yes,27017,124,150
467104,Male,41,1,45,0,1-2 Year,Yes,38870,124,220
467105,Female,66,1,28,0,1-2 Year,Yes,32459,26,230
467106,Female,25,1,30,0,< 1 Year,Yes,23297,152,69
467107,Male,45,1,19,0,1-2 Year,Yes,35382,124,162
467108,Female,26,1,41,0,< 1 Year,Yes,51489,152,267
467109,Male,55,1,8,0,1-2 Year,Yes,32838,152,270
467110,Female,53,1,39,0,> 2 Years,Yes,2630,157,168
467111,Female,35,1,3,0,1-2 Year,Yes,33345,152,188
467112,Male,23,1,33,1,< 1 Year,No,34124,152,13
467113,Male,24,1,8,1,< 1 Year,No,28359,152,264
467114,Female,22,1,25,1,< 1 Year,No,33322,152,154
467115,Female,60,1,29,0,1-2 Year,No,106737,26,39
467116,Female,27,1,28,1,< 1 Year,No,58301,152,293
467117,Female,66,1,28,1,1-2 Year,No,56138,122,271
467118,Female,32,1,6,0,< 1 Year,Yes,29567,152,162
467119,Male,25,1,25,1,< 1 Year,No,32057,152,105
467120,Male,32,1,2,0,1-2 Year,No,26363,124,291
467121,Male,39,1,28,0,1-2 Year,Yes,23454,124,86
467122,Male,51,1,46,0,1-2 Year,Yes,39366,156,44
467123,Male,34,1,46,0,1-2 Year,Yes,22116,124,140
467124,Male,55,1,28,0,1-2 Year,Yes,40191,124,296
467125,Female,40,1,48,1,1-2 Year,No,2630,124,254
467126,Male,62,1,28,0,1-2 Year,Yes,37896,26,48
467127,Male,23,1,8,1,< 1 Year,No,27053,151,224
467128,Male,74,1,28,0,1-2 Year,Yes,41990,158,136
467129,Male,38,1,28,0,1-2 Year,Yes,55447,124,169
467130,Male,23,1,9,1,< 1 Year,No,35396,152,94
467131,Female,60,1,28,0,> 2 Years,Yes,32049,122,285
467132,Female,21,1,30,0,< 1 Year,Yes,21794,152,91
467133,Male,71,1,8,0,1-2 Year,Yes,59096,30,81
467134,Male,63,1,28,0,> 2 Years,Yes,38935,124,215
467135,Female,30,1,50,1,< 1 Year,No,26394,152,204
467136,Male,28,1,29,0,1-2 Year,No,2630,156,249
467137,Male,39,1,28,0,1-2 Year,Yes,39043,26,189
467138,Male,50,1,28,0,> 2 Years,Yes,53562,124,42
467139,Male,56,1,4,0,1-2 Year,Yes,24994,124,250
467140,Male,41,1,45,0,> 2 Years,Yes,30876,26,48
467141,Male,65,1,26,1,1-2 Year,No,33528,22,146
467142,Female,45,1,28,0,1-2 Year,No,53186,124,95
467143,Female,21,1,46,0,< 1 Year,Yes,26745,160,43
467144,Male,32,1,41,0,1-2 Year,Yes,2630,26,221
467145,Female,53,1,41,0,1-2 Year,Yes,81521,26,37
467146,Male,21,1,8,1,< 1 Year,No,34625,160,281
467147,Female,29,1,35,1,< 1 Year,No,27126,152,135
467148,Male,21,1,41,1,< 1 Year,No,47847,152,157
467149,Male,50,1,50,0,> 2 Years,Yes,37424,26,234
467150,Female,30,1,28,1,< 1 Year,No,31752,151,90
467151,Female,23,1,30,1,< 1 Year,No,35637,152,263
467152,Female,36,1,33,1,1-2 Year,No,28422,61,263
467153,Female,22,1,11,1,< 1 Year,No,25995,152,167
467154,Male,24,1,2,1,< 1 Year,No,21475,152,193
467155,Male,26,1,28,0,< 1 Year,Yes,36569,152,198
467156,Female,31,1,28,0,1-2 Year,Yes,43419,26,85
467157,Female,27,1,46,1,< 1 Year,No,2630,152,18
467158,Female,24,1,47,1,< 1 Year,No,33789,152,23
467159,Female,33,1,28,0,< 1 Year,Yes,2630,122,94
467160,Male,22,1,29,1,< 1 Year,No,38824,152,248
467161,Male,59,1,6,1,1-2 Year,No,35825,124,151
467162,Male,21,1,36,1,< 1 Year,No,2630,160,103
467163,Female,61,1,48,1,1-2 Year,No,2630,26,111
467164,Male,43,1,46,1,1-2 Year,No,2630,11,204
467165,Female,57,1,28,0,1-2 Year,Yes,45689,26,53
467166,Male,26,1,14,0,< 1 Year,Yes,35107,156,34
467167,Male,46,1,28,0,1-2 Year,Yes,42434,26,128
467168,Female,21,1,37,1,< 1 Year,No,24621,152,143
467169,Female,46,1,13,0,1-2 Year,Yes,18759,26,211
467170,Male,50,1,28,0,1-2 Year,Yes,47064,26,129
467171,Female,65,1,28,0,1-2 Year,Yes,48538,122,281
467172,Male,66,1,28,0,1-2 Year,No,47757,124,263
467173,Male,47,1,7,0,1-2 Year,Yes,30309,124,169
467174,Female,22,1,50,0,< 1 Year,Yes,32754,152,16
467175,Female,22,1,15,1,< 1 Year,No,29370,152,24
467176,Female,22,1,47,0,< 1 Year,Yes,2630,160,275
467177,Female,39,1,41,1,1-2 Year,No,2630,124,164
467178,Female,47,1,28,0,1-2 Year,Yes,46714,26,119
467179,Female,60,1,28,0,1-2 Year,Yes,31753,26,54
467180,Female,37,1,2,1,1-2 Year,No,28793,152,34
467181,Female,31,1,10,0,< 1 Year,Yes,2630,160,232
467182,Female,21,1,8,0,< 1 Year,Yes,35680,163,150
467183,Female,25,1,28,0,< 1 Year,Yes,74590,152,34
467184,Female,50,1,26,0,1-2 Year,Yes,2630,124,171
467185,Female,72,1,28,1,1-2 Year,No,46802,124,54
467186,Male,30,1,6,1,< 1 Year,No,18774,152,143
467187,Female,22,1,32,0,< 1 Year,Yes,2630,152,295
467188,Female,22,1,6,1,< 1 Year,No,41788,152,133
467189,Female,25,1,28,0,< 1 Year,No,28718,152,210
467190,Female,39,1,14,1,1-2 Year,No,2630,152,171
467191,Female,28,1,30,1,< 1 Year,No,29633,152,66
467192,Female,33,1,28,0,1-2 Year,No,41801,26,261
467193,Female,62,1,8,0,1-2 Year,Yes,2630,160,289
467194,Male,39,1,46,1,1-2 Year,No,31774,124,288
467195,Male,36,1,11,0,1-2 Year,Yes,2630,155,90
467196,Female,28,1,41,1,< 1 Year,No,34377,152,294
467197,Male,64,1,33,1,1-2 Year,No,29660,124,56
467198,Female,23,1,25,1,< 1 Year,No,37439,160,150
467199,Male,50,1,28,1,1-2 Year,No,31816,26,202
467200,Male,25,1,28,1,< 1 Year,No,42024,152,262
467201,Female,21,1,9,0,< 1 Year,Yes,39084,160,129
467202,Male,27,1,30,0,< 1 Year,Yes,26473,152,94
467203,Female,39,1,28,0,1-2 Year,Yes,37949,26,112
467204,Male,40,1,29,1,1-2 Year,No,2630,124,274
467205,Male,51,1,50,1,1-2 Year,No,50320,18,102
467206,Male,43,1,49,0,1-2 Year,Yes,2630,157,228
467207,Male,50,1,31,0,1-2 Year,Yes,2630,9,68
467208,Female,24,1,45,1,< 1 Year,No,30347,160,53
467209,Female,63,1,6,1,1-2 Year,No,31516,26,89
467210,Female,22,1,29,1,< 1 Year,No,17158,152,259
467211,Male,23,1,28,1,< 1 Year,No,2630,153,157
467212,Female,22,1,33,1,< 1 Year,No,35331,152,274
467213,Male,39,1,28,0,1-2 Year,Yes,38678,124,291
467214,Male,23,1,35,1,< 1 Year,No,71138,152,249
467215,Female,45,1,28,0,1-2 Year,Yes,50156,26,64
467216,Female,24,1,30,1,< 1 Year,No,28146,152,103
467217,Female,40,1,36,0,1-2 Year,No,2630,152,185
467218,Female,70,1,43,0,1-2 Year,Yes,2630,26,156
467219,Female,52,1,28,0,1-2 Year,Yes,30765,26,282
467220,Female,46,1,28,0,1-2 Year,Yes,34639,26,31
467221,Female,21,1,17,0,< 1 Year,Yes,45524,124,189
467222,Female,22,1,30,1,< 1 Year,Yes,28434,152,72
467223,Female,33,1,45,0,< 1 Year,Yes,20282,124,84
467224,Female,42,1,28,1,1-2 Year,No,61708,26,129
467225,Male,27,1,11,0,< 1 Year,Yes,25557,152,283
467226,Female,37,1,28,0,1-2 Year,Yes,38652,26,165
467227,Male,37,1,47,0,1-2 Year,Yes,26640,124,77
467228,Female,21,1,25,1,< 1 Year,No,2630,152,149
467229,Male,56,1,6,0,> 2 Years,Yes,35794,26,275
467230,Male,23,1,41,1,< 1 Year,No,36673,152,288
467231,Female,31,1,28,1,1-2 Year,No,50489,124,167
467232,Male,42,1,39,0,1-2 Year,Yes,2630,156,183
467233,Male,41,1,28,0,1-2 Year,Yes,32923,122,38
467234,Male,55,1,3,1,1-2 Year,No,39198,60,153
467235,Male,63,1,50,1,1-2 Year,Yes,51630,26,211
467236,Female,65,1,46,1,1-2 Year,Yes,29752,26,259
467237,Female,78,1,28,0,1-2 Year,Yes,49306,122,44
467238,Female,22,1,46,0,< 1 Year,Yes,35155,152,288
467239,Male,28,1,8,1,< 1 Year,No,32656,152,206
467240,Male,23,1,8,1,< 1 Year,No,70645,26,212
467241,Male,41,1,50,0,1-2 Year,Yes,31612,124,264
467242,Female,23,1,24,1,< 1 Year,No,30001,152,28
467243,Female,42,1,8,0,1-2 Year,Yes,38283,19,273
467244,Female,52,1,28,0,1-2 Year,Yes,36459,26,41
467245,Male,42,1,8,0,1-2 Year,Yes,41378,124,203
467246,Male,30,1,37,1,< 1 Year,No,32020,152,189
467247,Male,47,1,41,0,1-2 Year,Yes,29250,26,102
467248,Female,20,1,36,1,< 1 Year,No,26921,160,144
467249,Male,72,1,8,0,1-2 Year,Yes,45725,7,290
467250,Female,22,1,39,0,< 1 Year,No,33155,160,33
467251,Male,30,1,28,1,1-2 Year,No,54521,124,175
467252,Male,23,1,19,1,< 1 Year,No,50645,152,242
467253,Male,36,1,36,1,1-2 Year,No,35450,124,216
467254,Male,21,1,23,1,< 1 Year,No,2630,160,132
467255,Female,38,1,28,1,1-2 Year,No,40196,124,30
467256,Female,25,1,10,1,< 1 Year,No,27210,152,28
467257,Male,31,1,41,1,< 1 Year,No,25247,152,150
467258,Male,39,1,28,1,1-2 Year,No,43628,26,42
467259,Male,24,1,36,1,< 1 Year,No,34442,152,86
467260,Male,66,1,28,0,> 2 Years,Yes,69346,122,188
467261,Male,26,1,29,1,< 1 Year,No,34708,152,155
467262,Female,23,1,36,0,< 1 Year,Yes,71385,160,135
467263,Female,26,1,50,1,< 1 Year,No,39369,152,271
467264,Male,33,1,11,1,1-2 Year,No,30061,122,237
467265,Male,59,1,31,1,1-2 Year,No,2630,26,10
467266,Male,22,1,46,1,< 1 Year,No,19473,152,90
467267,Male,47,1,28,0,1-2 Year,Yes,34934,26,163
467268,Female,20,1,3,0,< 1 Year,Yes,2630,163,184
467269,Male,48,1,6,0,1-2 Year,Yes,17885,156,137
467270,Male,46,1,50,0,1-2 Year,Yes,34886,64,264
467271,Female,32,1,46,1,< 1 Year,No,21603,152,259
467272,Female,25,1,41,1,< 1 Year,No,28093,152,186
467273,Female,21,1,3,1,< 1 Year,No,22909,160,233
467274,Male,39,1,29,0,1-2 Year,Yes,2630,124,84
467275,Male,32,1,33,1,< 1 Year,No,34131,152,186
467276,Male,64,1,11,0,1-2 Year,Yes,2630,26,70
467277,Female,32,1,18,1,< 1 Year,No,26111,152,274
467278,Male,52,1,23,0,1-2 Year,Yes,33293,154,242
467279,Female,23,1,28,1,< 1 Year,No,32940,152,190
467280,Male,49,1,28,0,1-2 Year,Yes,27562,26,16
467281,Male,59,1,28,0,1-2 Year,Yes,2630,23,296
467282,Female,25,1,24,0,< 1 Year,No,27089,152,283
467283,Female,64,1,28,0,> 2 Years,Yes,56296,124,85
467284,Male,30,1,41,1,< 1 Year,No,29945,152,185
467285,Female,37,1,39,0,1-2 Year,Yes,68395,26,244
467286,Male,24,1,18,1,< 1 Year,No,2630,152,186
467287,Female,53,1,26,1,1-2 Year,No,42264,124,59
467288,Male,20,1,37,0,< 1 Year,Yes,28886,160,42
467289,Female,26,1,8,1,< 1 Year,No,21412,152,252
467290,Male,51,1,8,1,1-2 Year,No,44199,25,31
467291,Male,65,1,28,1,1-2 Year,No,25031,124,236
467292,Female,22,1,46,0,1-2 Year,Yes,29837,124,103
467293,Male,34,1,8,1,1-2 Year,Yes,2630,124,283
467294,Male,25,1,8,1,< 1 Year,No,23565,152,138
467295,Male,39,1,8,0,1-2 Year,Yes,2630,124,285
467296,Male,45,1,28,0,1-2 Year,Yes,31835,26,80
467297,Male,24,1,45,1,< 1 Year,No,2630,152,10
467298,Male,44,1,29,0,> 2 Years,Yes,51322,124,72
467299,Female,22,1,6,0,< 1 Year,Yes,42743,152,186
467300,Male,53,1,32,0,1-2 Year,Yes,2630,26,152
467301,Male,38,1,6,0,1-2 Year,Yes,28196,124,221
467302,Male,26,1,27,0,< 1 Year,No,23691,160,257
467303,Male,43,1,28,0,1-2 Year,Yes,36023,124,84
467304,Female,29,1,28,1,< 1 Year,No,72544,152,147
467305,Male,48,1,11,1,1-2 Year,No,39098,26,284
467306,Male,24,1,8,1,< 1 Year,No,30765,152,68
467307,Male,46,1,28,1,1-2 Year,No,25759,26,198
467308,Female,42,1,28,0,1-2 Year,Yes,2630,26,228
467309,Female,25,1,34,1,< 1 Year,No,37542,152,177
467310,Male,57,1,41,0,1-2 Year,Yes,2630,12,99
467311,Female,24,1,41,1,< 1 Year,No,34440,152,145
467312,Male,24,1,46,1,< 1 Year,No,31156,152,260
467313,Male,47,1,3,0,1-2 Year,Yes,26251,150,255
467314,Female,36,1,41,1,1-2 Year,No,51875,124,27
467315,Male,24,1,41,0,< 1 Year,Yes,17531,26,268
467316,Male,44,1,28,0,1-2 Year,Yes,2630,157,74
467317,Female,24,1,28,1,< 1 Year,No,42098,152,41
467318,Male,44,1,28,0,> 2 Years,Yes,28563,26,58
467319,Female,32,1,15,0,< 1 Year,Yes,30297,152,151
467320,Male,49,1,20,0,1-2 Year,Yes,2630,124,252
467321,Female,49,1,27,0,1-2 Year,No,29729,26,22
467322,Female,36,1,23,0,1-2 Year,Yes,2630,157,113
467323,Male,53,1,50,1,1-2 Year,No,23708,26,33
467324,Male,25,1,46,0,< 1 Year,Yes,26543,152,94
467325,Female,64,0,50,1,1-2 Year,Yes,29654,26,78
467326,Male,49,1,28,0,1-2 Year,Yes,39344,124,176
467327,Male,39,1,28,1,1-2 Year,No,57047,26,291
467328,Female,51,1,41,1,1-2 Year,No,29407,124,99
467329,Male,66,1,19,0,1-2 Year,Yes,23672,124,214
467330,Male,40,1,28,1,1-2 Year,No,44137,157,68
467331,Male,37,1,39,0,1-2 Year,Yes,2630,156,44
467332,Female,32,1,21,1,< 1 Year,No,33195,152,114
467333,Male,52,1,28,0,1-2 Year,Yes,24591,26,63
467334,Female,58,1,28,0,> 2 Years,Yes,2630,156,118
467335,Male,67,1,28,1,1-2 Year,No,48127,26,88
467336,Female,22,1,15,1,< 1 Year,No,37615,152,159
467337,Male,24,1,11,1,< 1 Year,No,33072,152,136
467338,Female,61,1,28,0,1-2 Year,Yes,2630,26,194
467339,Male,67,1,28,0,1-2 Year,No,42471,26,282
467340,Male,56,1,28,1,1-2 Year,No,53148,55,146
467341,Male,38,1,20,1,1-2 Year,No,2630,124,151
467342,Male,30,1,46,1,< 1 Year,No,26030,152,39
467343,Male,66,1,18,0,1-2 Year,Yes,33607,154,183
467344,Female,22,1,33,1,< 1 Year,No,35485,152,220
467345,Male,56,1,29,0,1-2 Year,Yes,27097,26,184
467346,Male,55,1,28,0,> 2 Years,Yes,41793,124,65
467347,Male,21,1,8,1,< 1 Year,No,41256,152,136
467348,Male,24,1,36,1,< 1 Year,No,33119,152,190
467349,Female,24,1,11,1,< 1 Year,No,24550,152,287
467350,Female,64,1,8,0,> 2 Years,Yes,2630,156,185
467351,Male,50,1,1,0,1-2 Year,Yes,2630,26,166
467352,Male,21,1,3,0,< 1 Year,Yes,20505,160,234
467353,Male,41,1,50,1,1-2 Year,No,27537,8,200
467354,Male,23,1,41,1,< 1 Year,No,37993,152,104
467355,Male,46,1,28,0,1-2 Year,Yes,37537,13,293
467356,Female,41,1,2,0,1-2 Year,Yes,23933,152,102
467357,Male,39,1,28,0,1-2 Year,Yes,35320,26,129
467358,Male,25,1,6,0,< 1 Year,Yes,28669,160,163
467359,Male,23,1,13,1,< 1 Year,No,25635,151,53
467360,Female,26,1,28,0,< 1 Year,Yes,2630,152,198
467361,Male,53,1,50,1,1-2 Year,No,28509,124,153
467362,Male,25,1,28,1,< 1 Year,No,35347,152,37
467363,Female,24,1,18,1,< 1 Year,No,28875,152,209
467364,Female,39,1,41,0,1-2 Year,Yes,2630,157,163
467365,Male,46,1,8,0,1-2 Year,Yes,34320,124,242
467366,Male,53,1,50,1,1-2 Year,No,37804,26,38
467367,Male,23,1,6,1,< 1 Year,No,32978,152,266
467368,Male,29,1,39,1,< 1 Year,No,54189,152,22
467369,Male,63,1,31,0,1-2 Year,Yes,2630,152,218
467370,Female,26,1,50,1,< 1 Year,No,35907,160,79
467371,Male,22,1,30,1,< 1 Year,No,34532,152,69
467372,Male,30,1,15,1,< 1 Year,No,34193,152,231
467373,Male,29,1,28,1,1-2 Year,No,60745,26,250
467374,Female,56,1,28,0,1-2 Year,Yes,35453,124,287
467375,Male,52,1,28,0,> 2 Years,Yes,53263,26,178
467376,Male,66,1,41,0,1-2 Year,Yes,2630,26,154
467377,Male,44,1,28,1,1-2 Year,No,46606,10,144
467378,Male,29,1,8,1,< 1 Year,No,28758,152,290
467379,Male,25,1,32,1,< 1 Year,No,25106,160,178
467380,Female,23,1,10,1,< 1 Year,No,35203,152,158
467381,Male,25,1,8,1,< 1 Year,No,34939,160,100
467382,Male,32,1,30,1,< 1 Year,No,30355,152,272
467383,Female,25,1,33,1,< 1 Year,No,28023,152,247
467384,Male,68,1,28,0,1-2 Year,No,32276,122,72
467385,Male,22,1,41,0,< 1 Year,Yes,38893,152,42
467386,Female,24,1,2,0,< 1 Year,Yes,40508,160,97
467387,Female,22,1,46,1,< 1 Year,No,38733,152,262
467388,Male,21,1,14,1,< 1 Year,No,22971,152,34
467389,Female,66,1,28,0,1-2 Year,Yes,41425,26,83
467390,Female,39,1,28,0,1-2 Year,Yes,30921,26,204
467391,Female,23,1,36,0,< 1 Year,Yes,34908,152,114
467392,Male,28,1,28,1,< 1 Year,No,34330,152,225
467393,Female,26,1,29,1,< 1 Year,No,24830,152,261
467394,Female,33,1,15,0,< 1 Year,Yes,2630,154,205
467395,Male,27,1,11,1,< 1 Year,No,2630,152,120
467396,Male,75,1,28,0,1-2 Year,No,40370,122,199
467397,Male,60,1,28,0,1-2 Year,Yes,43887,26,256
467398,Female,22,1,46,1,< 1 Year,No,23309,152,91
467399,Male,69,1,29,1,1-2 Year,No,62241,26,241
467400,Male,50,1,9,1,1-2 Year,No,28040,26,158
467401,Male,44,1,41,0,1-2 Year,Yes,30767,157,136
467402,Male,22,1,8,1,< 1 Year,No,33142,152,169
467403,Male,38,1,47,1,1-2 Year,No,31954,124,257
467404,Female,56,1,28,1,1-2 Year,No,39608,122,18
467405,Male,28,1,14,0,< 1 Year,Yes,29087,152,252
467406,Female,48,1,17,0,> 2 Years,Yes,34433,26,48
467407,Female,42,1,36,1,1-2 Year,Yes,28768,156,265
467408,Female,28,1,3,1,< 1 Year,No,2630,152,56
467409,Male,49,1,33,0,1-2 Year,Yes,2630,26,103
467410,Male,41,1,41,0,1-2 Year,Yes,26232,109,115
467411,Male,35,1,1,0,1-2 Year,Yes,2630,156,40
467412,Male,43,1,28,0,1-2 Year,Yes,33702,23,195
467413,Female,33,1,15,0,< 1 Year,Yes,2630,152,276
467414,Female,24,1,37,0,< 1 Year,Yes,39040,151,237
467415,Female,46,1,33,0,1-2 Year,Yes,44741,26,288
467416,Male,23,1,28,1,< 1 Year,No,44871,152,36
467417,Male,36,1,10,1,1-2 Year,No,25947,152,275
467418,Female,27,1,30,1,< 1 Year,No,24795,152,297
467419,Female,43,1,28,0,1-2 Year,Yes,29046,13,264
467420,Female,24,1,9,1,< 1 Year,No,2630,152,112
467421,Female,39,1,28,0,1-2 Year,Yes,21404,26,117
467422,Male,23,1,46,1,< 1 Year,No,32516,152,197
467423,Female,47,1,8,0,1-2 Year,Yes,40388,124,137
467424,Female,47,1,28,0,1-2 Year,Yes,28778,26,201
467425,Male,51,1,28,0,1-2 Year,Yes,39504,124,268
467426,Male,67,1,28,0,> 2 Years,Yes,32437,26,22
467427,Female,22,1,28,0,< 1 Year,Yes,32349,152,281
467428,Male,24,1,25,0,< 1 Year,Yes,53180,152,183
467429,Male,22,1,29,0,< 1 Year,Yes,38666,152,14
467430,Female,24,1,15,1,< 1 Year,No,40310,152,185
467431,Male,48,1,3,0,1-2 Year,Yes,34211,157,293
467432,Female,27,1,18,0,< 1 Year,Yes,26255,152,267
467433,Female,46,1,28,0,> 2 Years,Yes,45411,124,155
467434,Female,28,1,37,0,< 1 Year,Yes,2630,124,236
467435,Male,24,1,6,1,< 1 Year,No,39919,152,94
467436,Male,54,1,28,0,1-2 Year,Yes,46440,26,11
467437,Male,43,1,28,0,1-2 Year,Yes,65093,124,98
467438,Female,25,1,41,1,< 1 Year,No,18852,152,273
467439,Female,25,1,28,0,< 1 Year,Yes,42772,152,224
467440,Male,28,1,28,0,1-2 Year,No,2630,158,94
467441,Male,32,1,26,0,1-2 Year,Yes,26862,156,185
467442,Female,25,1,30,1,< 1 Year,No,29731,152,159
467443,Female,38,1,28,1,1-2 Year,No,56624,55,114
467444,Male,53,1,28,0,1-2 Year,Yes,40609,26,202
467445,Female,48,1,33,0,> 2 Years,Yes,35349,26,205
467446,Male,55,1,46,0,1-2 Year,Yes,27698,30,250
467447,Male,48,1,28,0,1-2 Year,Yes,41989,26,178
467448,Female,46,1,28,0,1-2 Year,Yes,47265,26,48
467449,Male,60,1,28,0,1-2 Year,Yes,49245,124,155
467450,Male,24,1,18,1,< 1 Year,No,2630,152,188
467451,Female,54,1,28,1,1-2 Year,No,40469,26,264
467452,Female,75,1,8,1,1-2 Year,Yes,45561,26,157
467453,Female,38,1,28,0,1-2 Year,Yes,45179,26,112
467454,Male,79,1,28,0,1-2 Year,Yes,43599,122,237
467455,Female,21,1,46,1,< 1 Year,No,36320,152,144
467456,Female,42,1,28,0,> 2 Years,Yes,41779,26,250
467457,Female,32,1,3,0,1-2 Year,Yes,2630,156,255
467458,Male,47,1,28,0,1-2 Year,Yes,38033,124,153
467459,Female,41,1,28,0,1-2 Year,Yes,45686,26,191
467460,Male,60,1,8,0,> 2 Years,Yes,48157,26,130
467461,Male,33,1,3,0,1-2 Year,No,2630,124,183
467462,Female,60,1,43,1,1-2 Year,No,26048,26,116
467463,Male,49,1,28,1,1-2 Year,No,59544,26,96
467464,Male,37,1,24,0,1-2 Year,Yes,42349,26,182
467465,Female,23,1,47,0,< 1 Year,Yes,26780,152,162
467466,Male,22,1,29,0,< 1 Year,Yes,33640,152,271
467467,Male,22,1,11,1,< 1 Year,No,2630,152,184
467468,Male,47,1,48,0,1-2 Year,Yes,2630,124,256
467469,Male,52,1,30,0,1-2 Year,Yes,31775,157,134
467470,Male,41,1,37,1,1-2 Year,No,48614,26,253
467471,Female,29,1,28,0,1-2 Year,No,39707,26,25
467472,Male,24,1,28,1,< 1 Year,No,48816,152,19
467473,Female,23,1,50,0,< 1 Year,No,37775,160,83
467474,Female,23,1,25,0,< 1 Year,No,25990,152,39
467475,Female,50,1,28,1,1-2 Year,No,57737,26,186
467476,Female,24,1,37,1,< 1 Year,No,232791,152,266
467477,Male,32,1,28,0,1-2 Year,Yes,36086,122,123
467478,Male,28,1,8,0,1-2 Year,No,42480,122,122
467479,Male,76,1,39,0,1-2 Year,Yes,42208,26,216
467480,Female,52,1,37,1,1-2 Year,No,2630,26,139
467481,Male,43,1,46,1,1-2 Year,No,25464,124,228
467482,Male,27,1,41,1,< 1 Year,No,38714,152,64
467483,Male,43,1,41,0,1-2 Year,Yes,50003,124,228
467484,Female,59,1,8,0,1-2 Year,No,2630,26,68
467485,Female,24,1,46,1,< 1 Year,No,32671,152,255
467486,Male,42,1,36,0,1-2 Year,Yes,32929,120,124
467487,Female,25,1,27,0,< 1 Year,Yes,29568,152,271
467488,Female,43,1,20,0,1-2 Year,Yes,2630,26,155
467489,Male,26,1,46,0,< 1 Year,Yes,2630,160,80
467490,Female,48,1,35,1,1-2 Year,Yes,21060,122,187
467491,Male,54,1,28,0,> 2 Years,Yes,43009,26,113
467492,Female,22,1,28,0,< 1 Year,Yes,46811,152,184
467493,Female,21,1,45,1,< 1 Year,No,22321,152,184
467494,Male,23,1,8,1,< 1 Year,No,87548,152,228
467495,Male,60,1,46,1,1-2 Year,No,46961,11,255
467496,Male,35,1,28,0,1-2 Year,Yes,2630,156,171
467497,Male,46,1,8,0,1-2 Year,Yes,36786,124,31
467498,Female,25,1,19,0,< 1 Year,Yes,2630,152,48
467499,Female,22,1,30,1,< 1 Year,No,27409,152,268
467500,Female,23,1,37,1,< 1 Year,No,2630,151,37
467501,Male,24,1,16,1,< 1 Year,No,30896,152,234
467502,Male,68,1,28,0,1-2 Year,Yes,30633,26,254
467503,Male,48,1,48,0,1-2 Year,No,2630,124,122
467504,Female,47,1,28,0,1-2 Year,Yes,43158,25,136
467505,Male,45,1,28,0,1-2 Year,Yes,2630,122,298
467506,Female,23,1,33,1,< 1 Year,No,29529,152,122
467507,Male,64,1,50,0,1-2 Year,Yes,2630,124,162
467508,Male,26,1,28,1,< 1 Year,No,54791,152,242
467509,Male,45,1,28,0,1-2 Year,Yes,43411,163,75
467510,Female,21,1,41,1,< 1 Year,No,29971,160,49
467511,Male,35,1,44,0,1-2 Year,Yes,24327,124,85
467512,Female,31,1,11,1,< 1 Year,No,23543,152,283
467513,Male,30,1,28,0,1-2 Year,Yes,39097,154,199
467514,Female,30,1,50,1,< 1 Year,No,31144,151,186
467515,Female,42,1,47,0,1-2 Year,Yes,28620,154,63
467516,Male,20,1,10,0,1-2 Year,Yes,2630,156,100
467517,Female,46,1,41,1,1-2 Year,No,2630,26,284
467518,Female,38,1,30,0,1-2 Year,Yes,2630,156,120
467519,Male,69,1,28,0,1-2 Year,Yes,50992,13,279
467520,Female,45,1,8,0,1-2 Year,Yes,38564,26,61
467521,Male,54,1,48,0,1-2 Year,Yes,2630,124,299
467522,Female,41,1,28,0,1-2 Year,Yes,32070,124,87
467523,Male,36,1,9,0,1-2 Year,Yes,26007,156,122
467524,Female,25,1,36,0,< 1 Year,Yes,37801,152,298
467525,Female,23,1,16,1,< 1 Year,No,2630,151,271
467526,Male,39,1,29,0,1-2 Year,No,39458,124,246
467527,Male,26,1,11,1,< 1 Year,No,27037,152,139
467528,Female,53,1,28,1,1-2 Year,No,38600,8,47
467529,Male,27,1,35,1,< 1 Year,No,31645,152,131
467530,Male,51,1,38,1,1-2 Year,No,22033,124,58
467531,Female,22,1,30,0,< 1 Year,Yes,32230,152,57
467532,Male,31,1,28,0,< 1 Year,Yes,51859,26,65
467533,Female,52,1,28,0,1-2 Year,Yes,53653,26,166
467534,Male,50,1,9,0,> 2 Years,Yes,30601,156,187
467535,Male,21,1,17,1,< 1 Year,Yes,41639,160,68
467536,Male,47,1,29,0,1-2 Year,Yes,2630,156,108
467537,Female,29,1,0,1,< 1 Year,No,2630,163,24
467538,Male,42,1,28,0,1-2 Year,No,2630,156,56
467539,Male,28,1,37,1,< 1 Year,No,19159,152,135
467540,Female,23,1,32,1,< 1 Year,No,33531,26,253
467541,Female,21,1,8,1,< 1 Year,No,41850,152,94
467542,Female,45,1,46,1,1-2 Year,No,2630,124,58
467543,Male,55,1,47,0,1-2 Year,No,36028,26,159
467544,Male,64,1,47,0,1-2 Year,Yes,40291,16,205
467545,Male,41,1,8,1,1-2 Year,No,25932,30,95
467546,Female,28,1,46,0,< 1 Year,Yes,2630,160,59
467547,Female,23,1,15,1,< 1 Year,No,35498,26,41
467548,Male,21,1,7,0,< 1 Year,Yes,73479,152,265
467549,Female,26,1,11,1,< 1 Year,No,36397,152,234
467550,Male,23,1,15,1,< 1 Year,No,33632,160,263
467551,Female,22,1,40,1,< 1 Year,No,25497,152,135
467552,Male,44,1,8,1,1-2 Year,No,50544,7,208
467553,Female,29,1,46,1,< 1 Year,No,26562,152,188
467554,Male,31,1,41,0,1-2 Year,Yes,2630,157,127
467555,Male,23,1,5,0,< 1 Year,Yes,2630,160,277
467556,Male,22,1,26,0,< 1 Year,Yes,36350,152,263
467557,Female,22,1,42,1,< 1 Year,No,2630,152,227
467558,Male,24,1,28,1,< 1 Year,No,58305,152,253
467559,Male,28,1,36,0,< 1 Year,Yes,47058,122,172
467560,Male,48,1,41,0,1-2 Year,Yes,35985,124,31
467561,Female,23,1,28,0,< 1 Year,No,36796,151,291
467562,Male,51,1,15,1,1-2 Year,No,40109,31,299
467563,Female,24,1,14,1,< 1 Year,No,24738,152,44
467564,Female,36,1,8,1,1-2 Year,No,2630,152,280
467565,Female,26,1,16,0,< 1 Year,Yes,20563,152,173
467566,Male,39,1,1,0,< 1 Year,No,2630,1,30
467567,Female,59,1,28,1,1-2 Year,No,45812,13,277
467568,Male,50,1,8,0,1-2 Year,Yes,31554,124,83
467569,Male,66,1,46,1,1-2 Year,No,23254,124,187
467570,Male,25,1,15,1,< 1 Year,No,28843,152,267
467571,Female,25,1,29,1,< 1 Year,No,2630,160,159
467572,Female,26,1,11,1,< 1 Year,No,28534,152,39
467573,Male,26,1,10,1,< 1 Year,No,37281,26,112
467574,Female,26,1,46,1,< 1 Year,Yes,2630,160,169
467575,Male,43,1,28,0,1-2 Year,Yes,38973,26,286
467576,Female,26,1,30,1,< 1 Year,No,31858,152,225
467577,Male,46,1,29,0,1-2 Year,Yes,34383,124,121
467578,Male,49,1,28,0,1-2 Year,Yes,40724,124,119
467579,Female,71,1,28,0,1-2 Year,Yes,32024,26,174
467580,Female,40,1,28,0,1-2 Year,Yes,2630,26,73
467581,Female,36,1,11,0,1-2 Year,Yes,37239,154,47
467582,Male,50,1,35,1,1-2 Year,No,25712,124,241
467583,Male,51,1,48,0,1-2 Year,Yes,2630,15,176
467584,Male,58,1,5,0,1-2 Year,Yes,36684,26,94
467585,Male,49,1,28,1,1-2 Year,No,36663,30,257
467586,Female,27,1,41,1,< 1 Year,No,24834,152,67
467587,Male,28,1,41,1,< 1 Year,No,21343,152,287
467588,Male,49,1,40,0,1-2 Year,Yes,31138,26,104
467589,Female,24,1,50,1,< 1 Year,No,30183,152,281
467590,Male,45,1,28,1,1-2 Year,No,52307,26,187
467591,Female,42,1,18,0,1-2 Year,Yes,30825,26,77
467592,Male,44,1,23,0,1-2 Year,Yes,30824,26,84
467593,Female,23,1,13,1,< 1 Year,No,30385,152,125
467594,Female,24,1,13,0,< 1 Year,Yes,33638,151,126
467595,Male,23,1,47,1,< 1 Year,No,34657,151,115
467596,Male,49,1,10,0,1-2 Year,Yes,32983,26,56
467597,Female,54,1,8,1,1-2 Year,No,33595,19,174
467598,Female,22,1,8,1,< 1 Year,No,30198,152,31
467599,Male,29,1,36,0,1-2 Year,Yes,31116,26,21
467600,Female,44,1,8,0,1-2 Year,Yes,48138,4,237
467601,Female,24,1,13,1,< 1 Year,No,24525,152,40
467602,Female,46,1,28,1,1-2 Year,No,48311,122,33
467603,Male,39,1,36,1,1-2 Year,No,33851,152,68
467604,Female,27,1,16,0,< 1 Year,Yes,2630,152,183
467605,Male,62,1,18,0,1-2 Year,Yes,32830,152,196
467606,Male,53,1,8,0,1-2 Year,Yes,2630,26,39
467607,Male,64,1,28,1,1-2 Year,No,51009,152,98
467608,Male,21,1,35,1,< 1 Year,No,73931,152,27
467609,Female,32,1,28,0,< 1 Year,Yes,66646,26,113
467610,Male,44,1,16,0,1-2 Year,Yes,26425,26,81
467611,Female,42,1,28,0,1-2 Year,Yes,40224,124,221
467612,Male,50,1,7,0,1-2 Year,Yes,34309,26,246
467613,Female,23,1,40,0,< 1 Year,Yes,31370,152,290
467614,Male,32,1,39,0,< 1 Year,Yes,35493,124,132
467615,Male,46,1,36,1,1-2 Year,Yes,2630,156,265
467616,Female,24,1,11,0,< 1 Year,No,2630,152,201
467617,Male,23,1,47,1,< 1 Year,No,28862,152,84
467618,Female,33,1,28,1,< 1 Year,Yes,40815,124,247
467619,Female,24,1,28,1,< 1 Year,No,39600,151,101
467620,Female,28,1,10,1,< 1 Year,No,26526,152,124
467621,Female,24,1,22,1,< 1 Year,No,40615,152,119
467622,Male,24,1,41,1,< 1 Year,No,28541,152,65
467623,Male,23,1,26,0,< 1 Year,Yes,28040,152,101
467624,Female,42,1,39,1,1-2 Year,No,29641,124,55
467625,Female,37,1,28,0,1-2 Year,Yes,32526,157,270
467626,Female,38,1,28,0,1-2 Year,Yes,30475,26,134
467627,Male,38,1,28,1,1-2 Year,No,38287,124,266
467628,Male,39,1,29,1,1-2 Year,No,29168,124,66
467629,Male,21,1,33,0,1-2 Year,Yes,30111,26,46
467630,Female,25,1,37,0,< 1 Year,No,17907,152,69
467631,Female,27,1,3,0,< 1 Year,Yes,34759,152,207
467632,Female,30,1,41,0,1-2 Year,Yes,27558,163,24
467633,Female,23,1,46,1,< 1 Year,No,27339,152,164
467634,Female,30,1,39,0,1-2 Year,Yes,2630,156,206
467635,Female,40,1,28,1,1-2 Year,No,32526,152,226
467636,Female,23,1,45,1,< 1 Year,No,23155,152,160
467637,Female,25,1,41,1,< 1 Year,No,22453,152,95
467638,Female,25,1,27,0,< 1 Year,No,31601,152,244
467639,Female,41,1,8,0,1-2 Year,Yes,44610,13,65
467640,Female,39,1,46,0,1-2 Year,Yes,38150,26,36
467641,Female,23,1,41,1,< 1 Year,No,32073,152,293
467642,Male,47,1,15,1,1-2 Year,No,28720,120,267
467643,Female,21,1,49,0,< 1 Year,Yes,19769,152,244
467644,Female,48,1,28,1,1-2 Year,Yes,25364,124,153
467645,Female,52,1,41,1,1-2 Year,No,32483,26,243
467646,Male,20,1,27,1,< 1 Year,Yes,2630,160,242
467647,Male,48,1,30,0,1-2 Year,Yes,2630,26,208
467648,Male,49,1,32,1,1-2 Year,No,2630,30,233
467649,Female,25,1,10,0,< 1 Year,Yes,27755,160,207
467650,Male,49,1,46,0,> 2 Years,Yes,2630,26,223
467651,Male,45,1,46,0,1-2 Year,Yes,23480,11,237
467652,Male,68,1,8,0,1-2 Year,Yes,50213,124,225
467653,Female,39,1,28,0,1-2 Year,Yes,40439,122,96
467654,Female,30,1,15,1,< 1 Year,No,34346,152,158
467655,Female,30,1,41,1,< 1 Year,No,26323,152,90
467656,Female,38,1,45,0,> 2 Years,Yes,41002,26,72
467657,Female,43,1,41,1,1-2 Year,No,28608,157,282
467658,Female,46,1,28,0,1-2 Year,Yes,42174,122,272
467659,Male,41,1,41,1,1-2 Year,No,20978,152,220
467660,Female,21,1,45,0,< 1 Year,Yes,18285,160,262
467661,Male,26,1,27,0,< 1 Year,No,30623,152,89
467662,Female,23,1,29,1,< 1 Year,No,53125,152,151
467663,Female,47,1,28,0,1-2 Year,Yes,69856,26,214
467664,Female,25,1,45,1,< 1 Year,No,28146,26,256
467665,Female,67,1,28,1,1-2 Year,No,55555,122,67
467666,Female,44,1,20,0,1-2 Year,Yes,2630,124,85
467667,Male,35,1,36,0,1-2 Year,No,26420,152,15
467668,Female,70,1,30,1,1-2 Year,No,21935,152,264
467669,Female,25,1,28,1,< 1 Year,No,35328,152,190
467670,Male,53,1,27,1,1-2 Year,No,28374,124,56
467671,Female,43,1,8,1,1-2 Year,No,41723,124,86
467672,Female,20,1,28,0,< 1 Year,Yes,31300,160,156
467673,Female,22,1,50,0,< 1 Year,Yes,47977,152,178
467674,Male,28,1,46,1,< 1 Year,No,35306,160,154
467675,Male,60,1,33,1,1-2 Year,No,51809,138,118
467676,Male,23,1,2,0,< 1 Year,Yes,32071,152,243
467677,Male,53,1,8,0,1-2 Year,Yes,32380,7,241
467678,Female,47,1,28,1,1-2 Year,No,2630,124,208
467679,Female,52,1,28,1,1-2 Year,No,32780,53,60
467680,Female,24,1,8,1,< 1 Year,No,33693,152,83
467681,Male,56,1,33,0,1-2 Year,Yes,2630,26,126
467682,Female,48,1,28,0,1-2 Year,Yes,2630,26,240
467683,Male,23,1,16,0,< 1 Year,No,17909,152,130
467684,Male,22,1,27,1,< 1 Year,No,30237,152,57
467685,Male,27,1,28,1,< 1 Year,No,49039,152,88
467686,Female,51,1,28,0,1-2 Year,Yes,56523,26,207
467687,Male,26,1,47,1,< 1 Year,No,35639,152,104
467688,Male,24,1,50,1,< 1 Year,No,33028,160,246
467689,Female,25,1,34,0,< 1 Year,No,30112,152,242
467690,Female,20,1,47,0,< 1 Year,Yes,27628,160,193
467691,Male,40,1,28,0,1-2 Year,Yes,49514,124,246
467692,Female,36,1,28,0,1-2 Year,Yes,39120,124,286
467693,Female,46,1,41,0,1-2 Year,Yes,34436,26,20
467694,Female,24,1,3,1,< 1 Year,No,20983,124,140
467695,Female,30,1,35,1,< 1 Year,No,2630,160,234
467696,Female,47,1,28,0,> 2 Years,Yes,46039,26,35
467697,Female,50,1,35,0,1-2 Year,Yes,16114,10,135
467698,Female,20,1,35,1,< 1 Year,No,28592,160,251
467699,Female,22,1,29,1,< 1 Year,No,51469,152,88
467700,Female,21,1,30,1,< 1 Year,No,37805,152,246
467701,Male,42,1,28,0,1-2 Year,Yes,24505,124,233
467702,Female,26,1,41,1,< 1 Year,No,34762,152,176
467703,Male,25,1,41,1,< 1 Year,No,25386,152,177
467704,Female,69,1,39,1,1-2 Year,No,2630,26,101
467705,Female,23,1,8,0,< 1 Year,No,39492,26,170
467706,Male,24,1,46,1,< 1 Year,No,22787,152,70
467707,Male,23,1,36,0,< 1 Year,Yes,2630,160,278
467708,Female,57,1,30,0,1-2 Year,Yes,38959,152,157
467709,Female,21,1,9,0,< 1 Year,Yes,32810,160,136
467710,Male,52,1,20,0,1-2 Year,Yes,2630,124,148
467711,Male,49,1,41,1,1-2 Year,No,33357,124,299
467712,Male,57,1,25,0,> 2 Years,Yes,21731,26,101
467713,Male,56,1,28,1,1-2 Year,Yes,37499,124,137
467714,Male,50,1,28,0,1-2 Year,Yes,68352,124,167
467715,Female,24,1,8,1,< 1 Year,No,33205,152,26
467716,Female,20,1,46,1,< 1 Year,Yes,11733,160,253
467717,Male,37,1,27,0,1-2 Year,Yes,2630,26,276
467718,Male,26,1,14,1,< 1 Year,No,42002,152,279
467719,Female,66,1,28,1,1-2 Year,No,27589,52,111
467720,Male,27,1,16,0,< 1 Year,Yes,31713,122,122
467721,Male,27,1,43,1,< 1 Year,No,34621,152,218
467722,Female,26,1,28,1,< 1 Year,No,32284,152,42
467723,Female,23,1,29,0,< 1 Year,Yes,24905,152,158
467724,Male,48,1,46,0,1-2 Year,Yes,24597,26,164
467725,Female,25,1,11,1,< 1 Year,No,25601,152,283
467726,Female,22,1,7,0,< 1 Year,Yes,2630,160,272
467727,Male,30,1,46,1,< 1 Year,No,2630,152,129
467728,Female,25,1,21,1,< 1 Year,No,2630,152,141
467729,Male,61,1,28,0,1-2 Year,Yes,40071,26,257
467730,Male,32,1,27,0,< 1 Year,No,29021,152,85
467731,Male,26,1,28,1,< 1 Year,No,39624,152,204
467732,Male,53,1,36,0,1-2 Year,Yes,32474,152,62
467733,Male,25,1,35,1,< 1 Year,No,40096,152,60
467734,Female,25,1,47,1,< 1 Year,No,34118,152,182
467735,Male,48,1,33,0,1-2 Year,Yes,28844,26,291
467736,Male,22,1,14,1,< 1 Year,No,28425,26,115
467737,Male,37,1,30,1,1-2 Year,No,34590,152,56
467738,Female,30,1,2,0,< 1 Year,Yes,22547,151,142
467739,Male,24,1,50,1,< 1 Year,No,27790,152,235
467740,Female,24,1,32,1,< 1 Year,No,29156,152,217
467741,Male,23,1,45,1,< 1 Year,No,27643,152,96
467742,Male,22,1,8,1,< 1 Year,No,41309,152,144
467743,Male,56,1,49,0,1-2 Year,Yes,24508,26,259
467744,Male,53,1,30,0,1-2 Year,Yes,29541,124,128
467745,Male,38,1,48,1,1-2 Year,No,2630,124,234
467746,Male,29,1,30,1,< 1 Year,No,28281,152,242
467747,Male,59,1,8,0,1-2 Year,Yes,2630,157,37
467748,Female,45,1,28,0,1-2 Year,Yes,34607,124,52
467749,Male,46,1,50,1,1-2 Year,No,35545,154,72
467750,Male,24,1,8,0,< 1 Year,Yes,60281,152,144
467751,Male,54,1,28,0,1-2 Year,Yes,2630,156,149
467752,Male,30,1,15,1,< 1 Year,No,29821,152,65
467753,Male,22,1,46,1,< 1 Year,No,30017,152,65
467754,Male,23,1,28,1,< 1 Year,No,35196,152,235
467755,Female,21,1,13,0,< 1 Year,Yes,2630,160,51
467756,Male,25,1,34,0,< 1 Year,Yes,29655,26,245
467757,Female,59,1,28,0,> 2 Years,Yes,40601,26,12
467758,Male,39,1,28,0,1-2 Year,No,34852,124,39
467759,Male,45,1,3,0,> 2 Years,Yes,30718,124,156
467760,Female,80,1,31,1,1-2 Year,No,2630,122,42
467761,Male,48,1,28,1,1-2 Year,No,40748,26,248
467762,Female,27,1,45,1,< 1 Year,No,50630,152,76
467763,Female,29,1,41,1,< 1 Year,No,38464,152,125
467764,Male,22,1,15,0,< 1 Year,Yes,29985,152,96
467765,Female,23,1,15,1,< 1 Year,No,30750,152,127
467766,Male,25,1,41,1,< 1 Year,No,66366,152,284
467767,Male,71,1,11,1,1-2 Year,No,43595,26,169
467768,Female,32,1,28,1,1-2 Year,No,34986,124,271
467769,Male,46,1,10,0,1-2 Year,Yes,30533,26,48
467770,Female,57,1,39,1,1-2 Year,No,17951,124,173
467771,Female,21,1,50,0,< 1 Year,Yes,2630,163,47
467772,Male,38,1,27,0,1-2 Year,Yes,21567,124,136
467773,Male,45,1,30,0,1-2 Year,Yes,29964,124,198
467774,Male,23,1,11,0,< 1 Year,No,37033,152,142
467775,Female,42,1,28,0,1-2 Year,Yes,2630,124,27
467776,Male,23,1,2,1,< 1 Year,No,44995,152,113
467777,Male,53,1,28,0,1-2 Year,Yes,85159,55,136
467778,Female,56,1,8,0,> 2 Years,Yes,2630,156,95
467779,Male,53,1,28,0,1-2 Year,No,38740,26,260
467780,Female,24,1,30,1,< 1 Year,No,19260,152,70
467781,Male,51,1,28,0,1-2 Year,Yes,2630,26,198
467782,Female,25,1,50,0,< 1 Year,Yes,2630,160,98
467783,Male,34,1,34,0,1-2 Year,Yes,2630,124,251
467784,Female,55,1,28,0,1-2 Year,No,36330,124,102
467785,Female,28,1,10,1,< 1 Year,No,18525,152,231
467786,Male,22,1,47,0,1-2 Year,Yes,32220,124,77
467787,Male,43,1,28,0,1-2 Year,Yes,64776,122,171
467788,Female,40,1,28,0,1-2 Year,Yes,41366,124,75
467789,Male,38,1,28,0,1-2 Year,Yes,2630,124,208
467790,Male,50,1,28,1,1-2 Year,No,41737,124,186
467791,Male,35,1,28,1,1-2 Year,No,35432,122,30
467792,Male,45,1,46,0,1-2 Year,Yes,24367,124,217
467793,Male,51,1,20,0,1-2 Year,Yes,2630,26,54
467794,Male,33,1,7,0,1-2 Year,Yes,2630,157,227
467795,Female,50,1,7,0,1-2 Year,Yes,2630,157,43
467796,Female,62,1,28,0,1-2 Year,Yes,37300,124,162
467797,Female,27,1,12,0,< 1 Year,No,34420,152,13
467798,Male,39,1,37,1,1-2 Year,No,39505,152,150
467799,Female,21,1,46,1,< 1 Year,No,26603,160,285
467800,Female,27,1,8,0,< 1 Year,Yes,27095,154,259
467801,Female,22,1,15,0,< 1 Year,Yes,2630,160,42
467802,Male,54,1,28,0,1-2 Year,Yes,38452,124,16
467803,Male,22,1,30,1,< 1 Year,No,24376,152,133
467804,Female,26,1,36,0,< 1 Year,No,19907,152,136
467805,Female,23,1,16,1,< 1 Year,No,31819,152,286
467806,Female,23,1,41,1,< 1 Year,No,41831,152,15
467807,Female,28,1,28,0,< 1 Year,Yes,35009,124,161
467808,Male,34,1,23,0,1-2 Year,Yes,2630,124,14
467809,Male,56,1,33,0,1-2 Year,Yes,36259,124,235
467810,Male,20,1,9,1,< 1 Year,No,28821,160,13
467811,Male,21,1,50,1,< 1 Year,No,37541,152,56
467812,Female,21,1,24,0,< 1 Year,Yes,2630,152,50
467813,Male,49,1,3,1,1-2 Year,No,32995,26,35
467814,Female,22,1,8,0,< 1 Year,Yes,40246,152,190
467815,Female,24,1,50,1,< 1 Year,Yes,21132,160,238
467816,Female,29,1,34,0,< 1 Year,No,40514,152,262
467817,Male,68,1,33,0,1-2 Year,Yes,47131,124,63
467818,Female,36,1,28,0,1-2 Year,Yes,40890,122,285
467819,Male,20,1,46,0,< 1 Year,Yes,27663,160,277
467820,Male,45,1,8,0,1-2 Year,Yes,34775,124,226
467821,Female,25,1,28,0,< 1 Year,Yes,52494,152,69
467822,Male,23,1,41,1,< 1 Year,No,22353,152,157
467823,Female,80,1,47,1,1-2 Year,No,29436,26,218
467824,Female,27,1,10,1,< 1 Year,No,19960,152,71
467825,Male,41,1,28,0,> 2 Years,Yes,26927,124,79
467826,Female,26,1,6,0,< 1 Year,Yes,19690,160,248
467827,Male,21,1,37,0,< 1 Year,Yes,28262,152,177
467828,Male,25,1,46,1,< 1 Year,No,33705,152,95
467829,Female,23,1,12,0,< 1 Year,Yes,2630,152,158
467830,Female,24,1,15,1,< 1 Year,No,39130,152,215
467831,Female,33,1,48,0,< 1 Year,Yes,2630,15,69
467832,Male,25,1,28,1,< 1 Year,No,111327,152,237
467833,Female,48,1,28,0,1-2 Year,Yes,23520,26,148
467834,Male,24,1,36,1,< 1 Year,No,48142,152,68
467835,Male,45,1,28,0,> 2 Years,Yes,42393,124,102
467836,Male,75,1,28,0,1-2 Year,Yes,53450,26,150
467837,Male,44,1,28,0,1-2 Year,Yes,52653,26,26
467838,Female,23,1,15,1,< 1 Year,No,53697,151,243
467839,Male,60,1,11,0,1-2 Year,Yes,53136,124,293
467840,Male,70,1,43,1,1-2 Year,No,48643,26,151
467841,Female,27,1,29,1,< 1 Year,Yes,44417,152,208
467842,Male,57,1,14,1,1-2 Year,No,32328,26,118
467843,Female,22,1,18,1,< 1 Year,No,40898,152,60
467844,Male,43,1,30,0,1-2 Year,Yes,18007,26,60
467845,Female,21,1,37,1,< 1 Year,No,28678,152,86
467846,Female,25,1,35,1,< 1 Year,No,2630,152,192
467847,Female,22,1,47,1,< 1 Year,No,47682,152,295
467848,Male,64,1,28,0,1-2 Year,Yes,45312,124,208
467849,Female,57,1,0,0,1-2 Year,No,2630,26,112
467850,Male,24,1,47,1,< 1 Year,No,34436,26,172
467851,Male,56,1,15,0,1-2 Year,Yes,31990,154,110
467852,Female,30,1,12,1,< 1 Year,No,29524,152,229
467853,Male,24,1,3,1,< 1 Year,No,30825,152,238
467854,Male,32,1,8,0,1-2 Year,Yes,32077,124,299
467855,Male,50,1,28,0,1-2 Year,Yes,36427,26,36
467856,Male,31,1,8,0,< 1 Year,Yes,45257,124,121
467857,Male,56,1,18,0,1-2 Year,Yes,2630,124,33
467858,Male,56,1,36,0,1-2 Year,Yes,34435,124,200
467859,Female,21,1,8,1,< 1 Year,No,44546,160,81
467860,Male,40,1,28,0,1-2 Year,Yes,41962,26,202
467861,Male,22,1,15,0,< 1 Year,Yes,37167,152,229
467862,Male,21,1,50,1,< 1 Year,No,39205,152,30
467863,Female,34,1,11,0,1-2 Year,Yes,25945,26,203
467864,Female,52,1,28,1,1-2 Year,Yes,38086,26,126
467865,Male,40,1,29,0,1-2 Year,Yes,2630,124,95
467866,Male,38,1,11,1,1-2 Year,Yes,26574,26,15
467867,Male,52,1,8,0,1-2 Year,Yes,55791,7,69
467868,Male,50,1,28,0,1-2 Year,Yes,33711,26,280
467869,Male,61,1,28,0,1-2 Year,Yes,58551,122,25
467870,Male,68,1,50,0,1-2 Year,No,2630,30,137
467871,Male,39,1,32,0,1-2 Year,Yes,47243,124,185
467872,Male,51,1,28,0,1-2 Year,Yes,49304,26,128
467873,Male,39,1,27,0,1-2 Year,Yes,36369,152,107
467874,Female,22,1,28,0,1-2 Year,Yes,39416,122,159
467875,Male,54,1,45,0,1-2 Year,Yes,28551,26,93
467876,Female,52,1,46,1,1-2 Year,No,26400,26,133
467877,Male,49,1,3,0,1-2 Year,Yes,34731,163,138
467878,Female,61,1,36,0,1-2 Year,Yes,34056,26,30
467879,Male,24,1,12,0,< 1 Year,Yes,2630,156,181
467880,Female,20,1,2,0,< 1 Year,Yes,33107,160,206
467881,Male,26,1,41,1,< 1 Year,No,22462,152,260
467882,Male,25,1,28,1,< 1 Year,No,31029,152,137
467883,Female,30,1,26,1,< 1 Year,No,43487,152,68
467884,Male,25,1,28,1,< 1 Year,No,39055,152,51
467885,Female,22,1,46,1,< 1 Year,No,26498,152,284
467886,Male,24,1,8,1,< 1 Year,No,21562,152,188
467887,Female,47,1,28,0,1-2 Year,Yes,43117,124,296
467888,Female,21,1,36,1,< 1 Year,No,32405,152,181
467889,Male,72,1,28,1,1-2 Year,No,26512,26,222
467890,Male,24,1,28,1,< 1 Year,No,50161,152,34
467891,Female,53,1,20,1,1-2 Year,No,2630,124,297
467892,Male,48,1,41,0,1-2 Year,Yes,33961,124,107
467893,Female,22,1,8,1,< 1 Year,No,29872,152,132
467894,Female,44,1,50,0,1-2 Year,No,32333,124,274
467895,Female,60,1,14,0,1-2 Year,Yes,2630,124,280
467896,Female,75,1,28,1,1-2 Year,No,41097,122,204
467897,Female,42,1,23,0,1-2 Year,Yes,23472,26,81
467898,Female,61,1,28,0,1-2 Year,Yes,69163,26,144
467899,Male,30,1,33,1,< 1 Year,No,51878,152,140
467900,Male,42,1,48,0,1-2 Year,Yes,2630,124,135
467901,Female,24,1,6,1,< 1 Year,No,29611,152,184
467902,Female,68,1,13,0,1-2 Year,Yes,43009,154,106
467903,Female,21,1,36,0,< 1 Year,No,34586,152,64
467904,Male,41,1,28,1,1-2 Year,No,38110,26,20
467905,Male,23,1,29,1,< 1 Year,No,35099,152,286
467906,Male,52,1,8,0,> 2 Years,Yes,2630,26,213
467907,Male,20,1,26,0,< 1 Year,Yes,39526,160,245
467908,Male,61,1,28,0,1-2 Year,Yes,45200,122,294
467909,Male,51,1,28,0,1-2 Year,Yes,41331,158,255
467910,Female,23,1,35,0,< 1 Year,Yes,34817,152,296
467911,Male,56,1,32,0,1-2 Year,Yes,22350,124,79
467912,Male,69,1,28,0,1-2 Year,Yes,2630,124,119
467913,Male,44,1,28,0,1-2 Year,Yes,33964,60,47
467914,Male,24,1,11,0,< 1 Year,No,23788,152,35
467915,Male,56,1,47,1,1-2 Year,No,35493,26,107
467916,Male,34,1,17,1,1-2 Year,No,47801,152,290
467917,Male,50,1,8,1,1-2 Year,No,25491,124,156
467918,Male,58,1,33,0,1-2 Year,Yes,28196,124,207
467919,Female,54,1,8,0,1-2 Year,Yes,24007,152,91
467920,Male,47,1,28,0,1-2 Year,Yes,38665,157,148
467921,Male,50,1,28,0,1-2 Year,Yes,54625,25,109
467922,Male,39,1,8,1,1-2 Year,No,25677,124,83
467923,Male,23,1,46,1,< 1 Year,No,26066,152,271
467924,Male,48,1,28,0,1-2 Year,Yes,41560,124,259
467925,Female,38,1,28,0,1-2 Year,Yes,110068,26,159
467926,Male,36,1,34,1,1-2 Year,No,28767,157,130
467927,Female,35,1,11,0,1-2 Year,Yes,20470,26,268
467928,Female,43,1,46,1,1-2 Year,No,27519,124,265
467929,Female,23,1,6,1,< 1 Year,No,27344,152,150
467930,Female,45,1,28,0,1-2 Year,Yes,36483,52,175
467931,Male,49,1,28,0,1-2 Year,Yes,31923,124,265
467932,Male,25,1,25,1,< 1 Year,No,36880,151,279
467933,Male,34,1,28,1,1-2 Year,No,31992,124,123
467934,Female,66,1,28,0,1-2 Year,Yes,2630,157,270
467935,Female,25,1,28,1,< 1 Year,No,24986,152,227
467936,Female,22,1,15,0,< 1 Year,No,34205,152,293
467937,Female,29,1,31,0,< 1 Year,Yes,2630,124,139
467938,Male,56,1,47,0,1-2 Year,Yes,2630,157,37
467939,Female,22,1,8,0,< 1 Year,Yes,46544,152,37
467940,Female,25,1,8,1,< 1 Year,No,82581,152,48
467941,Female,28,1,28,1,< 1 Year,No,38991,152,289
467942,Female,38,1,3,1,1-2 Year,No,25224,26,86
467943,Female,73,1,50,1,1-2 Year,No,32903,8,117
467944,Female,22,1,36,1,< 1 Year,No,63127,152,182
467945,Female,38,1,28,1,1-2 Year,No,27689,122,251
467946,Male,49,1,7,1,1-2 Year,Yes,2630,160,115
467947,Female,26,1,34,1,< 1 Year,No,25672,152,62
467948,Female,58,1,28,1,1-2 Year,No,39130,124,107
467949,Female,24,1,49,0,< 1 Year,Yes,2630,26,236
467950,Male,47,1,35,0,1-2 Year,Yes,23681,26,56
467951,Male,51,1,23,0,1-2 Year,Yes,21801,26,135
467952,Male,25,1,30,1,< 1 Year,No,29418,152,292
467953,Female,30,1,28,0,< 1 Year,Yes,2630,156,156
467954,Male,48,1,38,0,1-2 Year,Yes,2630,26,276
467955,Female,65,1,39,1,1-2 Year,No,48774,26,170
467956,Male,43,1,17,0,1-2 Year,Yes,29568,124,138
467957,Female,21,1,16,0,< 1 Year,Yes,26740,152,286
467958,Male,53,1,46,1,1-2 Year,No,39867,124,113
467959,Female,25,1,45,1,< 1 Year,No,32102,152,169
467960,Male,36,1,7,0,1-2 Year,No,33920,124,237
467961,Male,43,1,19,1,1-2 Year,No,2630,156,292
467962,Male,38,1,11,0,1-2 Year,No,18521,124,154
467963,Female,23,1,3,0,< 1 Year,Yes,2630,26,38
467964,Female,24,1,47,1,< 1 Year,No,24929,152,297
467965,Female,24,1,6,1,< 1 Year,No,14350,152,113
467966,Male,68,1,15,0,1-2 Year,Yes,47254,26,203
467967,Female,69,1,28,0,1-2 Year,Yes,26039,13,169
467968,Female,23,1,11,1,< 1 Year,No,22311,152,144
467969,Male,68,1,17,1,1-2 Year,No,48795,124,61
467970,Male,70,0,28,0,1-2 Year,Yes,28677,26,154
467971,Male,50,1,28,0,1-2 Year,Yes,37047,26,189
467972,Male,42,1,13,1,1-2 Year,No,2630,152,74
467973,Female,41,1,8,1,1-2 Year,Yes,32771,7,93
467974,Female,24,1,37,0,< 1 Year,Yes,32755,152,47
467975,Female,27,1,11,1,< 1 Year,No,28343,152,58
467976,Female,35,1,8,1,1-2 Year,No,25263,152,149
467977,Female,23,1,15,0,< 1 Year,Yes,38872,160,123
467978,Male,27,1,28,1,< 1 Year,No,50261,152,247
467979,Male,48,1,23,0,1-2 Year,Yes,27733,26,25
467980,Male,42,1,28,0,1-2 Year,Yes,43324,124,80
467981,Male,57,1,28,0,1-2 Year,Yes,42525,124,181
467982,Female,23,1,36,0,< 1 Year,Yes,35946,152,230
467983,Female,37,1,48,0,1-2 Year,Yes,2630,124,96
467984,Female,39,1,28,0,1-2 Year,Yes,29079,26,237
467985,Male,48,1,28,0,1-2 Year,Yes,31469,13,43
467986,Male,28,1,30,0,< 1 Year,Yes,31387,152,143
467987,Male,53,1,33,1,1-2 Year,No,2630,156,12
467988,Female,79,1,28,0,> 2 Years,Yes,58992,124,277
467989,Female,54,1,30,0,1-2 Year,Yes,29514,140,46
467990,Male,40,1,19,0,1-2 Year,No,25423,26,53
467991,Male,44,1,28,0,> 2 Years,Yes,38925,124,100
467992,Female,23,1,3,1,< 1 Year,No,30594,152,81
467993,Female,21,1,32,0,< 1 Year,Yes,34790,152,248
467994,Male,39,1,0,0,1-2 Year,Yes,2630,122,191
467995,Female,25,1,41,1,< 1 Year,No,34694,152,138
467996,Female,42,1,2,0,1-2 Year,No,32537,152,244
467997,Female,48,1,28,0,1-2 Year,Yes,21774,24,165
467998,Male,22,1,28,1,< 1 Year,No,48275,152,22
467999,Female,33,1,10,0,< 1 Year,Yes,25685,154,229
468000,Male,22,1,29,1,< 1 Year,No,30991,152,141
468001,Male,22,1,13,1,< 1 Year,No,33098,152,118
468002,Male,25,1,28,1,< 1 Year,No,50440,152,21
468003,Male,47,1,0,0,1-2 Year,Yes,2630,125,129
468004,Female,47,1,29,1,1-2 Year,No,42174,26,208
468005,Female,65,1,28,1,1-2 Year,No,32412,124,271
468006,Male,37,1,50,0,1-2 Year,Yes,29637,157,252
468007,Female,24,1,36,0,< 1 Year,Yes,25301,152,25
468008,Female,24,1,15,1,< 1 Year,No,37684,152,251
468009,Female,21,1,30,1,< 1 Year,No,24450,152,118
468010,Male,80,1,28,0,> 2 Years,Yes,48680,26,158
468011,Female,54,1,28,1,1-2 Year,No,21883,26,145
468012,Male,35,1,3,0,1-2 Year,Yes,22584,157,19
468013,Male,73,1,8,0,1-2 Year,Yes,79171,25,176
468014,Female,23,1,48,0,< 1 Year,Yes,2630,160,208
468015,Male,37,1,8,0,1-2 Year,Yes,58528,124,32
468016,Male,38,1,34,0,> 2 Years,Yes,24512,26,263
468017,Female,47,1,30,0,1-2 Year,Yes,2630,31,246
468018,Male,26,1,46,1,< 1 Year,No,29166,152,265
468019,Female,45,1,46,0,1-2 Year,Yes,20774,30,33
468020,Male,21,1,47,0,< 1 Year,Yes,50241,152,33
468021,Female,30,1,21,1,< 1 Year,No,27744,152,65
468022,Female,41,1,28,0,1-2 Year,Yes,49492,26,186
468023,Male,62,1,28,0,> 2 Years,Yes,76516,155,150
468024,Male,38,1,14,0,1-2 Year,Yes,36159,26,205
468025,Male,38,1,8,0,1-2 Year,Yes,29024,163,210
468026,Female,53,1,50,1,1-2 Year,No,22780,152,294
468027,Female,29,1,35,1,< 1 Year,No,38480,152,174
468028,Female,28,1,15,0,< 1 Year,Yes,34385,152,136
468029,Male,28,1,28,0,< 1 Year,Yes,95221,124,245
468030,Female,25,1,28,1,< 1 Year,No,54295,152,294
468031,Female,66,1,28,0,1-2 Year,Yes,40736,156,61
468032,Female,22,1,6,0,< 1 Year,Yes,31092,152,168
468033,Female,27,1,35,1,< 1 Year,No,41649,152,281
468034,Female,73,1,28,1,1-2 Year,No,33339,26,70
468035,Female,47,1,10,1,1-2 Year,No,24647,152,139
468036,Male,21,1,35,1,< 1 Year,No,31386,160,38
468037,Male,25,1,10,1,< 1 Year,No,31881,152,40
468038,Female,38,1,41,0,1-2 Year,Yes,43237,152,59
468039,Female,79,1,28,0,1-2 Year,Yes,39060,26,146
468040,Female,32,1,8,0,< 1 Year,No,2630,1,100
468041,Female,45,1,28,0,1-2 Year,No,53397,26,138
468042,Male,57,1,28,0,1-2 Year,Yes,47953,26,209
468043,Female,51,1,4,0,1-2 Year,Yes,2630,154,142
468044,Male,31,1,13,0,1-2 Year,Yes,40997,26,79
468045,Female,24,1,12,0,< 1 Year,Yes,2630,1,135
468046,Male,21,1,12,1,< 1 Year,Yes,27064,160,172
468047,Male,38,1,28,0,1-2 Year,Yes,47327,26,295
468048,Male,53,1,14,0,1-2 Year,Yes,24208,26,137
468049,Male,31,1,17,1,1-2 Year,No,28562,26,110
468050,Male,21,1,46,0,< 1 Year,No,28704,160,252
468051,Male,63,1,29,0,> 2 Years,Yes,30960,124,116
468052,Male,33,1,39,0,1-2 Year,Yes,32312,156,219
468053,Female,21,1,50,0,< 1 Year,No,30657,160,76
468054,Female,78,1,28,0,1-2 Year,Yes,37410,26,236
468055,Male,22,1,22,1,< 1 Year,No,33891,152,261
468056,Male,53,1,28,0,1-2 Year,Yes,2630,26,70
468057,Female,42,1,29,1,1-2 Year,No,30199,26,273
468058,Male,41,1,15,1,1-2 Year,No,34186,152,141
468059,Female,21,1,26,1,< 1 Year,No,2630,152,193
468060,Male,25,1,47,1,< 1 Year,No,29234,152,59
468061,Male,41,1,28,0,1-2 Year,Yes,2630,156,170
468062,Male,27,1,29,1,< 1 Year,No,52122,152,60
468063,Male,52,1,28,0,1-2 Year,Yes,32960,26,285
468064,Male,41,1,28,1,1-2 Year,No,24977,13,20
468065,Male,21,1,45,1,< 1 Year,No,24352,160,249
468066,Female,50,1,48,1,1-2 Year,No,2630,15,100
468067,Female,38,1,8,0,1-2 Year,Yes,30980,26,11
468068,Female,27,1,18,1,< 1 Year,No,34679,152,80
468069,Female,22,1,11,1,< 1 Year,Yes,2630,160,69
468070,Male,31,1,41,1,< 1 Year,No,34623,152,207
468071,Male,34,1,28,0,1-2 Year,Yes,2630,124,255
468072,Male,34,1,11,1,1-2 Year,No,26854,122,231
468073,Female,25,1,10,1,< 1 Year,No,26220,152,293
468074,Male,47,1,28,1,1-2 Year,No,45458,25,261
468075,Male,42,1,4,1,1-2 Year,No,2630,152,243
468076,Female,44,1,28,0,1-2 Year,Yes,45033,152,213
468077,Male,56,1,28,0,1-2 Year,Yes,29927,26,44
468078,Female,24,1,3,0,< 1 Year,Yes,24551,152,206
468079,Male,69,1,28,0,> 2 Years,Yes,63124,122,287
468080,Male,30,1,28,0,< 1 Year,No,43019,124,122
468081,Male,63,1,41,0,> 2 Years,Yes,28307,26,17
468082,Male,35,1,41,1,1-2 Year,No,25891,151,24
468083,Male,23,1,37,0,< 1 Year,Yes,32535,152,219
468084,Female,33,1,28,0,< 1 Year,Yes,72544,31,22
468085,Male,24,1,2,0,< 1 Year,Yes,29058,152,285
468086,Female,34,1,28,0,1-2 Year,Yes,34635,156,120
468087,Female,45,1,45,0,1-2 Year,Yes,22795,151,23
468088,Male,21,1,28,1,< 1 Year,No,45064,152,288
468089,Female,23,1,36,0,< 1 Year,Yes,36181,152,35
468090,Male,62,1,28,1,1-2 Year,No,38415,26,234
468091,Female,23,1,26,0,< 1 Year,Yes,42742,152,20
468092,Male,41,1,5,0,1-2 Year,Yes,35037,124,68
468093,Male,21,1,47,0,< 1 Year,Yes,22117,160,112
468094,Male,33,1,6,1,< 1 Year,No,29149,152,113
468095,Male,40,1,28,0,1-2 Year,Yes,2630,163,286
468096,Male,23,1,15,0,< 1 Year,Yes,33162,152,289
468097,Female,22,1,30,1,< 1 Year,No,30716,152,287
468098,Male,45,1,28,0,1-2 Year,Yes,32255,26,26
468099,Female,22,1,34,1,< 1 Year,No,33411,152,281
468100,Male,26,1,35,1,< 1 Year,No,27680,151,214
468101,Female,23,1,15,1,< 1 Year,No,26282,152,56
468102,Female,46,1,28,1,1-2 Year,No,44829,124,92
468103,Female,54,1,28,0,1-2 Year,Yes,32407,157,221
468104,Female,31,1,24,0,1-2 Year,Yes,24000,124,175
468105,Male,38,1,41,1,1-2 Year,No,48752,124,11
468106,Female,45,1,16,0,1-2 Year,Yes,59679,124,288
468107,Male,49,1,28,1,1-2 Year,No,2630,24,175
468108,Male,42,1,28,0,1-2 Year,Yes,37210,26,90
468109,Male,21,1,8,0,< 1 Year,Yes,38174,160,205
468110,Female,47,1,28,0,1-2 Year,Yes,46650,122,53
468111,Female,21,1,15,1,< 1 Year,No,23002,160,93
468112,Female,62,1,28,0,1-2 Year,Yes,24471,26,82
468113,Male,24,1,28,1,< 1 Year,No,54057,152,263
468114,Female,27,1,28,0,< 1 Year,No,40925,152,158
468115,Female,38,1,28,0,1-2 Year,Yes,32341,124,296
468116,Male,38,1,41,0,> 2 Years,Yes,2630,124,229
468117,Female,54,1,28,0,1-2 Year,Yes,45490,26,270
468118,Male,46,1,15,1,1-2 Year,No,2630,14,112
468119,Male,48,1,46,0,1-2 Year,Yes,36346,26,168
468120,Male,25,1,28,1,< 1 Year,No,60600,152,287
468121,Male,44,1,28,0,1-2 Year,Yes,30628,13,83
468122,Female,53,1,28,1,1-2 Year,No,47011,26,133
468123,Male,46,1,41,0,1-2 Year,Yes,28677,26,91
468124,Female,42,1,28,0,1-2 Year,Yes,39661,156,296
468125,Female,27,1,41,1,< 1 Year,No,16228,152,55
468126,Male,45,1,28,1,1-2 Year,No,33186,26,201
468127,Male,25,1,46,0,< 1 Year,Yes,2630,152,141
468128,Male,23,1,37,0,< 1 Year,Yes,31528,26,67
468129,Female,24,1,28,0,< 1 Year,Yes,56737,152,80
468130,Male,29,1,6,1,< 1 Year,No,22267,152,165
468131,Female,22,1,9,0,< 1 Year,Yes,32446,152,204
468132,Female,50,1,32,0,1-2 Year,Yes,2630,152,285
468133,Male,67,1,30,1,1-2 Year,No,28295,152,58
468134,Male,26,1,10,1,< 1 Year,No,27498,152,16
468135,Male,49,1,38,0,1-2 Year,Yes,30939,26,23
468136,Male,32,1,33,0,1-2 Year,Yes,21828,124,176
468137,Female,26,1,29,1,< 1 Year,No,2630,152,17
468138,Female,54,1,28,0,1-2 Year,Yes,2630,122,277
468139,Male,24,1,13,0,1-2 Year,Yes,2630,156,120
468140,Male,27,1,44,1,< 1 Year,No,2630,152,206
468141,Female,40,1,29,1,1-2 Year,No,34833,124,256
468142,Male,25,1,15,1,< 1 Year,No,40990,152,55
468143,Male,38,1,28,0,1-2 Year,Yes,2630,124,187
468144,Male,62,1,28,0,1-2 Year,Yes,33457,26,246
468145,Female,66,1,28,0,1-2 Year,No,28905,26,123
468146,Male,67,1,40,0,1-2 Year,Yes,49971,26,129
468147,Female,25,1,11,1,< 1 Year,No,33620,152,127
468148,Male,48,1,26,0,1-2 Year,Yes,37395,26,133
468149,Female,41,1,46,1,1-2 Year,Yes,2630,156,261
468150,Female,37,1,35,1,1-2 Year,No,2630,156,212
468151,Male,21,1,36,0,< 1 Year,Yes,51312,152,70
468152,Female,33,1,29,0,< 1 Year,Yes,28538,26,86
468153,Male,34,1,28,0,1-2 Year,Yes,67681,23,208
468154,Female,41,1,41,0,1-2 Year,Yes,32723,150,184
468155,Male,56,1,8,0,1-2 Year,Yes,46256,26,47
468156,Male,63,1,7,0,1-2 Year,Yes,2630,26,261
468157,Female,28,1,14,1,< 1 Year,No,20703,152,13
468158,Female,47,1,0,0,1-2 Year,Yes,2630,26,75
468159,Female,41,1,48,0,1-2 Year,No,2630,124,257
468160,Male,27,1,46,1,< 1 Year,No,29601,152,189
468161,Male,38,1,41,0,1-2 Year,Yes,2630,157,78
468162,Male,24,1,29,1,< 1 Year,No,25595,152,71
468163,Female,43,1,21,0,1-2 Year,Yes,32003,124,162
468164,Female,52,1,10,0,1-2 Year,Yes,27848,26,125
468165,Female,25,1,9,1,< 1 Year,No,39423,152,222
468166,Male,29,1,36,0,1-2 Year,Yes,39223,122,228
468167,Female,23,1,49,0,< 1 Year,Yes,31322,26,244
468168,Male,38,1,24,0,1-2 Year,Yes,2630,156,210
468169,Male,36,1,39,0,1-2 Year,Yes,2630,156,23
468170,Male,38,1,28,0,1-2 Year,Yes,2630,157,166
468171,Female,41,1,14,0,1-2 Year,Yes,17049,124,276
468172,Male,22,1,15,1,< 1 Year,Yes,2630,152,142
468173,Male,42,1,28,0,1-2 Year,Yes,37701,26,165
468174,Female,25,1,36,0,< 1 Year,No,27023,152,270
468175,Male,40,1,44,0,1-2 Year,Yes,33842,124,65
468176,Male,60,1,28,0,1-2 Year,Yes,38616,61,21
468177,Male,21,1,36,1,< 1 Year,No,33030,152,40
468178,Female,24,1,28,0,1-2 Year,Yes,28750,124,142
468179,Male,36,1,31,0,1-2 Year,Yes,2630,124,129
468180,Male,30,1,27,1,< 1 Year,No,2630,160,199
468181,Female,24,1,46,1,< 1 Year,No,25819,152,210
468182,Female,20,1,4,0,< 1 Year,Yes,2630,156,292
468183,Female,28,1,20,1,< 1 Year,No,2630,152,282
468184,Female,36,1,28,0,1-2 Year,Yes,33685,26,243
468185,Female,22,1,14,1,< 1 Year,No,15044,160,112
468186,Male,55,1,43,0,1-2 Year,Yes,26113,124,38
468187,Female,30,1,8,1,< 1 Year,No,24211,152,259
468188,Female,31,1,28,0,1-2 Year,Yes,50303,124,177
468189,Male,22,1,47,1,< 1 Year,No,25046,160,89
468190,Male,55,1,28,1,1-2 Year,No,54649,124,259
468191,Male,46,1,46,0,1-2 Year,Yes,2630,156,256
468192,Male,47,1,41,0,1-2 Year,Yes,30951,12,103
468193,Female,31,1,18,0,1-2 Year,Yes,2630,156,261
468194,Female,70,1,8,0,1-2 Year,Yes,30679,7,170
468195,Female,54,1,28,0,1-2 Year,Yes,43585,26,130
468196,Female,24,1,36,0,< 1 Year,Yes,27993,152,232
468197,Male,21,1,8,1,< 1 Year,Yes,32250,160,162
468198,Female,32,1,46,1,< 1 Year,No,27060,152,145
468199,Female,31,1,29,1,1-2 Year,No,37764,124,70
468200,Male,43,1,30,0,1-2 Year,Yes,32362,157,152
468201,Female,25,1,11,1,< 1 Year,No,24316,152,211
468202,Male,23,1,33,1,< 1 Year,No,33605,152,97
468203,Female,23,1,16,0,< 1 Year,Yes,35611,151,25
468204,Male,43,1,28,0,1-2 Year,Yes,37754,124,296
468205,Female,37,1,45,0,1-2 Year,Yes,30747,124,22
468206,Male,23,1,30,1,< 1 Year,No,28093,152,219
468207,Male,49,1,41,1,1-2 Year,No,36582,124,122
468208,Male,25,1,6,0,< 1 Year,Yes,35772,152,98
468209,Male,34,1,45,0,1-2 Year,Yes,27613,124,82
468210,Female,26,1,41,1,< 1 Year,No,32595,152,262
468211,Male,42,1,14,0,1-2 Year,Yes,27079,124,218
468212,Female,71,1,24,1,1-2 Year,No,28237,26,213
468213,Male,24,1,37,1,< 1 Year,No,23381,152,111
468214,Male,30,1,46,1,< 1 Year,No,38037,152,63
468215,Male,65,1,28,0,1-2 Year,Yes,50964,163,98
468216,Female,24,1,11,1,< 1 Year,No,41086,152,86
468217,Male,44,1,11,0,1-2 Year,Yes,27742,124,102
468218,Male,57,1,28,0,1-2 Year,Yes,36086,124,13
468219,Female,39,1,15,0,1-2 Year,No,2630,160,157
468220,Female,26,1,8,1,< 1 Year,No,30626,152,193
468221,Female,47,1,28,0,> 2 Years,Yes,37277,26,234
468222,Female,40,1,6,1,1-2 Year,No,38548,152,201
468223,Male,27,1,28,1,< 1 Year,No,51279,152,95
468224,Female,62,1,21,0,1-2 Year,Yes,39651,124,198
468225,Female,21,1,41,1,< 1 Year,No,27981,160,27
468226,Male,26,1,41,1,< 1 Year,No,31351,152,191
468227,Male,20,1,8,0,< 1 Year,No,38371,160,249
468228,Female,39,1,8,0,1-2 Year,Yes,42999,124,115
468229,Female,38,1,33,0,1-2 Year,Yes,29112,124,28
468230,Male,54,1,41,0,1-2 Year,Yes,2630,124,298
468231,Female,74,1,28,1,1-2 Year,No,41902,26,199
468232,Female,42,1,28,1,1-2 Year,No,82868,55,82
468233,Female,26,1,6,1,< 1 Year,Yes,25146,152,295
468234,Male,51,1,28,0,> 2 Years,Yes,21846,3,52
468235,Male,44,1,28,0,1-2 Year,Yes,23893,124,271
468236,Male,26,1,35,1,< 1 Year,No,19597,152,151
468237,Female,26,1,14,1,< 1 Year,No,25033,152,205
468238,Male,77,1,28,1,1-2 Year,No,2630,26,41
468239,Male,46,1,33,1,1-2 Year,No,43010,124,158
468240,Female,46,1,40,1,1-2 Year,No,27520,124,15
468241,Female,23,1,45,0,< 1 Year,Yes,25598,152,49
468242,Female,34,1,23,0,1-2 Year,Yes,29294,26,158
468243,Female,25,1,10,1,< 1 Year,No,34287,152,210
468244,Male,23,1,41,1,< 1 Year,No,22243,151,141
468245,Female,67,1,28,0,1-2 Year,Yes,46690,122,246
468246,Female,54,1,47,0,1-2 Year,Yes,37267,16,191
468247,Female,26,1,6,1,< 1 Year,No,23087,152,43
468248,Male,27,1,13,0,1-2 Year,Yes,55347,156,80
468249,Male,21,1,28,0,< 1 Year,Yes,38406,160,41
468250,Female,20,1,15,1,< 1 Year,No,32027,160,161
468251,Male,36,1,29,0,1-2 Year,Yes,67878,26,266
468252,Female,23,1,45,1,< 1 Year,No,22741,152,142
468253,Male,28,1,45,1,< 1 Year,No,33148,152,80
468254,Male,42,1,15,1,1-2 Year,No,38028,124,119
468255,Female,36,1,28,0,> 2 Years,Yes,45332,26,93
468256,Female,30,1,47,0,1-2 Year,Yes,25301,26,108
468257,Female,75,1,50,0,1-2 Year,No,2630,8,294
468258,Female,44,1,50,0,1-2 Year,Yes,29135,8,98
468259,Male,45,1,28,1,1-2 Year,No,36327,26,239
468260,Male,23,1,39,1,< 1 Year,No,41720,152,156
468261,Female,26,1,22,0,< 1 Year,Yes,30221,152,173
468262,Male,24,1,6,1,< 1 Year,No,19009,152,56
468263,Male,25,1,35,0,< 1 Year,Yes,46615,152,31
468264,Male,50,1,28,0,1-2 Year,Yes,57349,26,198
468265,Male,37,1,19,1,1-2 Year,No,35104,124,112
468266,Male,38,1,41,0,1-2 Year,Yes,18290,109,55
468267,Male,61,1,45,0,1-2 Year,Yes,2630,26,206
468268,Male,42,1,28,0,1-2 Year,Yes,61496,124,137
468269,Male,23,1,8,1,< 1 Year,No,35385,160,16
468270,Male,69,1,28,0,> 2 Years,Yes,54644,157,181
468271,Female,25,1,5,0,< 1 Year,Yes,35094,152,256
468272,Male,21,1,8,0,< 1 Year,Yes,55051,160,22
468273,Female,22,1,39,1,< 1 Year,No,55871,152,221
468274,Male,43,1,28,0,1-2 Year,Yes,55212,124,66
468275,Female,23,1,8,1,< 1 Year,No,33384,152,228
468276,Female,55,1,36,0,1-2 Year,Yes,42836,124,114
468277,Female,41,1,8,1,1-2 Year,No,2630,26,44
468278,Male,24,1,28,1,< 1 Year,No,37096,152,274
468279,Male,33,1,2,0,< 1 Year,Yes,26647,124,208
468280,Female,53,1,41,1,1-2 Year,No,31792,152,63
468281,Female,45,1,11,0,1-2 Year,Yes,37942,120,259
468282,Female,27,1,3,1,< 1 Year,No,22723,152,216
468283,Female,24,1,15,1,< 1 Year,No,26829,152,150
468284,Female,29,1,19,0,< 1 Year,Yes,30253,152,76
468285,Male,70,1,28,0,1-2 Year,Yes,52434,122,228
468286,Female,24,1,50,0,< 1 Year,Yes,36411,152,154
468287,Female,22,1,3,1,< 1 Year,No,25124,152,173
468288,Female,37,1,48,0,1-2 Year,Yes,2630,15,142
468289,Male,23,1,46,1,< 1 Year,No,45857,152,290
468290,Female,39,1,0,1,1-2 Year,No,2630,26,11
468291,Female,22,1,28,0,< 1 Year,Yes,34435,152,201
468292,Male,43,1,45,0,1-2 Year,No,24914,124,164
468293,Male,44,1,28,1,1-2 Year,No,48457,124,55
468294,Male,23,1,27,0,< 1 Year,Yes,27776,151,134
468295,Female,25,1,10,1,< 1 Year,No,32669,152,204
468296,Male,60,1,39,0,1-2 Year,Yes,34417,124,155
468297,Female,41,1,11,0,1-2 Year,Yes,39470,156,35
468298,Female,74,1,28,0,1-2 Year,Yes,58529,26,18
468299,Female,23,1,8,1,< 1 Year,No,37694,152,231
468300,Female,24,1,28,1,< 1 Year,No,43543,152,182
468301,Female,27,1,15,0,< 1 Year,Yes,36938,152,258
468302,Female,45,1,35,0,1-2 Year,No,2630,116,152
468303,Female,23,1,36,1,< 1 Year,No,30946,152,296
468304,Male,22,1,18,0,< 1 Year,Yes,30787,152,98
468305,Female,20,1,8,0,< 1 Year,Yes,35501,160,225
468306,Female,63,1,28,0,1-2 Year,Yes,35270,124,221
468307,Male,56,1,8,1,1-2 Year,No,52413,26,279
468308,Male,42,1,50,0,1-2 Year,Yes,39954,26,85
468309,Male,42,1,30,0,1-2 Year,Yes,25006,124,22
468310,Male,21,1,30,1,< 1 Year,No,24629,152,121
468311,Male,36,1,33,0,1-2 Year,Yes,31135,124,77
468312,Female,24,1,30,1,< 1 Year,No,2630,152,208
468313,Male,35,1,15,1,< 1 Year,No,2630,1,107
468314,Female,38,1,47,1,1-2 Year,No,2630,124,16
468315,Male,24,1,15,0,< 1 Year,Yes,33656,152,87
468316,Female,40,1,24,1,1-2 Year,No,2630,122,204
468317,Male,59,1,28,0,> 2 Years,Yes,2630,156,97
468318,Female,32,1,2,0,< 1 Year,Yes,33801,152,53
468319,Female,35,1,28,0,1-2 Year,Yes,23401,152,72
468320,Male,43,1,28,0,1-2 Year,Yes,27017,124,186
468321,Female,70,1,28,0,1-2 Year,Yes,51939,124,256
468322,Female,43,1,17,1,1-2 Year,No,43165,152,122
468323,Male,72,1,39,0,1-2 Year,No,2630,124,36
468324,Male,49,1,8,0,1-2 Year,Yes,2630,154,34
468325,Male,55,1,28,1,1-2 Year,No,38287,26,20
468326,Female,40,1,28,0,1-2 Year,Yes,51063,26,192
468327,Female,30,1,28,0,< 1 Year,Yes,32875,122,253
468328,Female,69,1,4,1,1-2 Year,No,2630,26,119
468329,Female,28,1,10,1,< 1 Year,No,27077,152,143
468330,Male,23,1,30,1,< 1 Year,No,25939,152,101
468331,Male,21,1,50,0,< 1 Year,No,41285,152,162
468332,Male,23,1,26,0,< 1 Year,Yes,34907,152,206
468333,Female,24,1,50,1,< 1 Year,No,45293,152,175
468334,Female,39,1,13,0,1-2 Year,Yes,2630,157,173
468335,Female,66,1,28,0,1-2 Year,Yes,24242,13,293
468336,Female,44,1,46,0,1-2 Year,Yes,26894,156,131
468337,Male,25,1,15,0,< 1 Year,No,48732,152,147
468338,Female,26,1,45,0,< 1 Year,Yes,24432,152,288
468339,Female,46,1,28,1,1-2 Year,No,21673,26,102
468340,Male,50,1,46,0,1-2 Year,Yes,40735,26,258
468341,Female,25,1,41,1,< 1 Year,No,35031,152,211
468342,Female,60,1,19,0,1-2 Year,Yes,27578,26,18
468343,Male,37,1,46,0,1-2 Year,Yes,32804,124,70
468344,Male,53,1,50,0,1-2 Year,Yes,41019,156,298
468345,Male,23,1,39,1,< 1 Year,No,2630,152,57
468346,Female,22,1,28,0,< 1 Year,Yes,69341,152,214
468347,Male,48,1,29,0,1-2 Year,Yes,22660,156,61
468348,Female,26,1,29,1,< 1 Year,No,36665,152,48
468349,Female,35,1,37,1,1-2 Year,No,2630,152,250
468350,Male,20,1,28,0,< 1 Year,Yes,42034,160,70
468351,Male,32,1,39,0,1-2 Year,Yes,2630,157,112
468352,Male,64,1,16,1,1-2 Year,No,17600,154,152
468353,Male,70,1,15,1,1-2 Year,No,2630,152,131
468354,Female,61,1,11,0,> 2 Years,Yes,34064,120,30
468355,Female,38,1,7,0,1-2 Year,Yes,25863,124,297
468356,Male,29,1,28,1,< 1 Year,No,35917,152,60
468357,Female,29,1,32,1,< 1 Year,No,30373,152,243
468358,Male,28,1,6,0,< 1 Year,Yes,52885,152,281
468359,Female,35,1,36,0,1-2 Year,Yes,2630,26,270
468360,Male,23,1,15,0,< 1 Year,Yes,51726,152,279
468361,Male,47,1,15,0,1-2 Year,Yes,40161,26,78
468362,Female,21,1,12,1,< 1 Year,No,27594,152,213
468363,Male,44,1,28,1,1-2 Year,No,40932,26,84
468364,Male,47,1,28,0,1-2 Year,Yes,38996,124,211
468365,Male,57,1,8,0,1-2 Year,Yes,69198,26,148
468366,Female,61,1,19,0,> 2 Years,Yes,2630,158,47
468367,Female,22,1,15,1,< 1 Year,No,31274,152,11
468368,Male,27,1,28,0,< 1 Year,Yes,48500,152,250
468369,Female,25,1,8,0,< 1 Year,Yes,33422,152,226
468370,Female,41,1,28,0,1-2 Year,Yes,34473,124,41
468371,Female,64,1,25,0,1-2 Year,Yes,2630,160,274
468372,Male,52,1,28,0,1-2 Year,Yes,32271,26,154
468373,Female,40,1,37,1,1-2 Year,No,25009,124,165
468374,Female,38,1,28,0,1-2 Year,Yes,60332,26,253
468375,Male,22,1,30,0,< 1 Year,Yes,49576,152,166
468376,Female,64,1,28,0,> 2 Years,Yes,31017,26,233
468377,Female,64,1,28,0,1-2 Year,Yes,26653,124,260
468378,Female,26,1,37,1,< 1 Year,No,29273,152,203
468379,Male,48,1,46,0,1-2 Year,Yes,2630,11,74
468380,Female,21,1,30,1,< 1 Year,No,27746,160,287
468381,Female,32,1,7,0,< 1 Year,Yes,48553,124,42
468382,Male,48,1,8,1,1-2 Year,No,38692,152,70
468383,Male,54,1,20,0,> 2 Years,Yes,2630,124,19
468384,Female,41,1,14,0,1-2 Year,Yes,2630,124,197
468385,Male,45,1,28,0,1-2 Year,Yes,48294,26,45
468386,Male,53,1,28,0,1-2 Year,Yes,35122,157,211
468387,Female,27,1,32,0,< 1 Year,Yes,29495,152,57
468388,Male,26,1,41,1,< 1 Year,No,36889,152,229
468389,Female,25,1,11,1,< 1 Year,No,27551,152,93
468390,Female,24,1,33,0,< 1 Year,Yes,33116,152,151
468391,Male,54,1,28,0,> 2 Years,Yes,38971,124,115
468392,Male,40,1,8,0,1-2 Year,Yes,50423,124,116
468393,Female,26,1,30,0,< 1 Year,No,25383,152,290
468394,Female,46,1,28,0,1-2 Year,Yes,66870,26,205
468395,Male,42,1,8,1,1-2 Year,No,33318,26,29
468396,Female,78,1,8,0,1-2 Year,Yes,32317,30,248
468397,Male,69,1,28,0,1-2 Year,Yes,48259,122,230
468398,Male,20,1,12,0,< 1 Year,Yes,27540,160,236
468399,Male,46,1,29,0,1-2 Year,No,37931,26,200
468400,Male,62,1,30,1,1-2 Year,No,43987,152,214
468401,Male,24,1,13,1,< 1 Year,No,2630,152,180
468402,Male,30,1,11,0,< 1 Year,Yes,2630,154,167
468403,Female,24,1,3,0,< 1 Year,Yes,27686,152,85
468404,Male,23,1,46,0,< 1 Year,Yes,35506,152,67
468405,Male,29,1,28,1,< 1 Year,No,44946,152,36
468406,Male,23,1,11,1,< 1 Year,No,26120,152,200
468407,Male,48,1,41,1,1-2 Year,No,35242,124,205
468408,Male,42,1,28,0,1-2 Year,Yes,25837,26,256
468409,Male,38,1,28,1,1-2 Year,No,53949,124,46
468410,Male,20,1,50,0,< 1 Year,No,37796,160,41
468411,Male,45,1,50,0,1-2 Year,Yes,23665,156,20
468412,Male,52,1,28,0,1-2 Year,Yes,2630,26,232
468413,Female,67,1,48,1,1-2 Year,No,2630,26,29
468414,Female,46,1,36,0,1-2 Year,Yes,2630,156,260
468415,Female,36,1,41,0,1-2 Year,Yes,49433,26,81
468416,Female,21,1,45,0,< 1 Year,Yes,32707,160,32
468417,Female,22,1,33,0,< 1 Year,Yes,2630,163,164
468418,Female,44,1,28,0,1-2 Year,Yes,26546,26,80
468419,Female,43,1,8,0,1-2 Year,Yes,52589,26,255
468420,Male,46,1,13,0,1-2 Year,Yes,21942,124,24
468421,Female,58,1,28,0,1-2 Year,Yes,42596,59,274
468422,Female,33,1,35,0,1-2 Year,Yes,2630,124,212
468423,Male,23,1,28,0,< 1 Year,Yes,55965,163,76
468424,Male,39,1,28,0,1-2 Year,Yes,37289,124,70
468425,Male,75,1,28,0,1-2 Year,Yes,2630,26,114
468426,Male,24,1,4,0,< 1 Year,No,57305,152,145
468427,Female,49,1,28,0,1-2 Year,Yes,50175,124,101
468428,Male,43,1,28,0,> 2 Years,Yes,41536,154,98
468429,Female,33,1,28,0,1-2 Year,Yes,48371,154,211
468430,Male,24,1,21,1,< 1 Year,No,46263,152,67
468431,Female,30,1,8,0,< 1 Year,Yes,34733,152,99
468432,Female,37,1,29,0,1-2 Year,Yes,28608,152,40
468433,Male,66,1,33,0,1-2 Year,Yes,30513,26,14
468434,Male,32,1,39,1,1-2 Year,No,62102,122,166
468435,Female,21,1,14,0,< 1 Year,Yes,22221,152,73
468436,Female,35,1,4,0,1-2 Year,Yes,24662,156,86
468437,Female,49,1,28,0,1-2 Year,Yes,38608,124,232
468438,Male,70,1,28,0,1-2 Year,No,40348,26,49
468439,Male,32,1,21,1,< 1 Year,No,21247,152,83
468440,Male,37,1,28,0,> 2 Years,Yes,28476,124,222
468441,Male,29,1,28,1,< 1 Year,No,37616,152,144
468442,Male,39,1,28,1,1-2 Year,No,53918,26,169
468443,Female,52,1,20,1,1-2 Year,Yes,2630,124,119
468444,Male,59,1,31,1,1-2 Year,Yes,2630,9,37
468445,Female,48,1,28,0,1-2 Year,Yes,61803,26,150
468446,Male,24,1,33,1,< 1 Year,No,33983,152,135
468447,Male,50,1,8,0,1-2 Year,Yes,39061,26,176
468448,Male,25,1,37,0,< 1 Year,Yes,37622,152,123
468449,Male,54,1,30,0,1-2 Year,Yes,2630,124,268
468450,Female,30,1,28,1,< 1 Year,No,2630,160,51
468451,Male,25,1,28,1,< 1 Year,No,28955,152,157
468452,Female,22,1,8,1,1-2 Year,No,46685,124,250
468453,Male,53,1,41,0,1-2 Year,Yes,23936,26,30
468454,Male,40,1,28,0,1-2 Year,Yes,41122,124,234
468455,Female,50,1,8,1,1-2 Year,No,43539,125,168
468456,Male,54,1,8,0,1-2 Year,Yes,43169,25,61
468457,Male,31,1,46,0,1-2 Year,Yes,2630,157,25
468458,Male,32,1,11,1,< 1 Year,No,32779,152,81
468459,Male,69,1,3,0,1-2 Year,Yes,26789,26,60
468460,Male,23,1,12,1,< 1 Year,No,44075,152,39
468461,Female,25,1,41,1,< 1 Year,No,50971,152,230
468462,Female,22,1,41,1,< 1 Year,No,25827,152,181
468463,Female,76,1,50,1,1-2 Year,No,28043,8,199
468464,Male,26,1,8,0,< 1 Year,No,73821,152,50
468465,Male,23,1,45,1,< 1 Year,No,28172,152,114
468466,Female,34,1,47,0,1-2 Year,Yes,25563,26,94
468467,Male,39,1,28,0,1-2 Year,Yes,37921,26,105
468468,Male,22,1,36,1,< 1 Year,No,29129,152,86
468469,Male,26,1,29,1,< 1 Year,No,34769,152,106
468470,Female,28,1,8,1,< 1 Year,No,40218,152,19
468471,Male,49,1,35,0,1-2 Year,Yes,2630,26,201
